Name,Salary,Organization,Job
Timothy Moore," 517,000.00 ",Indian River State College,President
Jesus Merejo," 321,321.26 ",Port St. Lucie,City Manager
Robert Garlo," 314,713.54 ",Jupiter Island,Town Manager
Katherine Barbieri," 275,000.00 ",St. Lucie County,County Attorney
George Landry," 275,000.00 ",St. Lucie County,County Administrator
Don Donaldson ," 267,568.57 ",Martin County,County Administrator
Edith Pacacha," 266,848.35 ",Indian River State College,"Vice President of Administration and Finance, CFO"
Richard Berrios," 261,062.88 ",Port St. Lucie,City Attorney
Jon Prince," 256,814.00 ",St. Lucie Public Schools,Superintendent
Richard Del Toro," 255,775.00 ",St. Lucie County Sheriff's Office,Sheriff
Elysse Elder ," 255,600.00 ",Martin County,County Attorney
Michael Hageloh," 255,000.00 ",Indian River State College,"Executive Vice President of Strategic Initiatives, CMO"
Teresa Lamar-Sarno," 250,539.90 ",Port St. Lucie,Chief Assistant City Manager
Michael Maine," 250,400.14 ",Martin County School District,Superintendent
Leon Niemczyk," 247,466.96 ",Port St. Lucie,Chief of Police
Jeffery Lee," 246,704.02 ",St. Lucie County Fire District,Fire Chief
David Moore," 246,170.00 ",School District of Indian River County,Superintendent
John Titkanich," 240,916.52 ",Indian River County,County Administrator
Eric Flowers," 236,917.00 ",Indian River County Sheriff's Office,Sheriff
John Budensiek Jr.," 233,995.50 ",Martin County Sheriff's Office,Sheriff
Kristina Ciuperger," 230,633.00 ",Port St. Lucie,Assistant City Manager
Michael Zito," 230,054.24 ",Indian River County,Deputy County Administrator
Heather Belmont," 224,824.35 ",Indian River State College,"Provost/Vice President of Academic Affairs, CAO"
Elizabeth Gaskin," 224,824.35 ",Indian River State College,Vice President of Student Success
James Harpring," 223,021.50 ",Indian River Shores,Town Manager
Chad Cianciulli ," 222,702.68 ",Martin County,Fire Rescue Chief
Richard Chess," 220,500.00 ",Fort Pierce,City Manager
Brian Gonzalez," 220,035.92 ",St. Lucie County Fire District,Assistant Fire Chief
Kim Sabol," 220,035.92 ",St. Lucie County Fire District,General Counsel
Carrie Mast," 219,132.16 ",St. Lucie County,Chief Information Officer
Lee Baggett," 218,792.60 ",Stuart,City Attorney
John Duchock," 218,716.21 ",Jupiter Island,Asst. Town Manager/Beach District Director
Jennifer Shuler," 218,530.26 ",Indian River County,County Attorney
George Stokus," 217,095.41 ",Martin County,Assistant County Administrator
Marc Dimeo," 216,043.10 ",Port St. Lucie,Deputy Chief
Carmine Izzo," 216,043.10 ",Port St. Lucie,Deputy Chief
Rodney Robertson," 215,743.21 ",Martin County,Deputy Fire Chief
Amber Izzo," 215,065.70 ",St. Lucie County Sheriff's Office,Chief Legal Counsel
Gregory Oravec," 215,065.70 ",St. Lucie County Sheriff's Office,Chief Operating Officer
John Bolduc," 215,065.70 ",St. Lucie County Sheriff's Office,Chief Deputy
William Jones," 212,353.96 ",Port St. Lucie,Chief Information Officer
Kate Parmelee," 211,611.40 ",Port St. Lucie,Deputy City Manager
Colt Schwerdt," 210,000.18 ",Port St. Lucie,Director – Public Works
Christian Montoya," 208,783.76 ",Martin County,Division Chief
Rocco Napoli," 208,783.76 ",Martin County,Division Chief
David Hays," 207,760.32 ",Martin County,Division Chief
James Gorton," 206,293.13 ",Martin County,Public Works Director
Ada Santamaria," 206,196.22 ",St. Lucie County,Deputy County Administrator II
Peter Croft," 204,002.48 ",Martin County Sheriff's Office,Major
Joshua Kloster," 204,002.48 ",Martin County Sheriff's Office,Major
Ruben Romero," 204,002.48 ",Martin County Sheriff's Office,Major
Kevin Youngblood," 204,002.48 ",Martin County Sheriff's Office,Chief Financial Officer
Sara Hedges," 203,962.50 ",Fort Pierce,City Attorney
Angela Browning," 203,812.35 ",Indian River State College,Vice President of Research and Governmental Relations
Matthew Graham," 202,703.46 ",Martin County,Assistant County Administrator
Monte Falls," 201,600.36 ",Vero Beach,City Manager
Caroline Sturgis," 199,946.50 ",Port St. Lucie,OMB Director
Christopher Kammel," 199,382.82 ",Martin County,Bureau Chief
Shawn Lisowy," 199,382.82 ",Martin County,Bureau Chief
Kevin Parkes," 199,382.82 ",Martin County,Bureau Chief
Kevin Matyjaszek," 199,359.16 ",Port St. Lucie,"Director, USD/Special Assistant City Manager"
Nancy Bunt," 197,891.98 ",Indian River County,Assistant County Administrator
Timothy Bargeron," 197,691.52 ",St. Lucie County Fire District,Clerk‑Treasurer
Joseph Johnson," 197,079.74 ",Indian River County,Director of Emergency Services
Sean Lieske," 197,007.98 ",Indian River County,Director of Utilities Services
Stephen Okiye," 195,504.40 ",Port St. Lucie,Finance Director
Michael Giardino," 195,000.00 ",Stuart,City Manager
Devoshay Johnson," 194,040.25 ",Fort Pierce,Deputy City Manager
Douglas Killane III," 193,987.22 ",Martin County,Fire Marshal
Jesse Inigo," 193,946.50 ",Port St. Lucie,Captain
Mark Cristaldi," 193,760.53 ",St. Lucie County Fire District,Deputy Chief
Paul Langel," 193,760.53 ",St. Lucie County Fire District,Deputy Chief
Samuel Amerson," 193,576.45 ",Martin County,Utilities & Solid Waste Director
Kacey Donnell," 193,516.18 ",Port St. Lucie,Captain
Robert Fonteyn," 193,516.18 ",Port St. Lucie,Captain
Michelle Steele," 193,516.18 ",Port St. Lucie,Captain
Sheila Lagrega," 193,516.18 ",Port St. Lucie,Captain
James Howie," 193,516.18 ",Port St. Lucie,Captain
Brian Kenny," 193,516.18 ",Port St. Lucie,Captain
Brinton Black," 193,516.18 ",Port St. Lucie,Captain
Matthew Cuba," 193,516.18 ",Port St. Lucie,Captain
Matthew Pazanski," 192,037.57 ",Jupiter Island,Finance/HR Director
David Smith," 190,000.00 ",Fort Pierce,Chief of Police
Jean Stasio," 190,000.00 ",St. Lucie County,Deputy County Attorney
Michael Peter," 189,857.72 ",Port St. Lucie,"Director/Official, Building"
Paul Schilling," 189,844.74 ",Martin County,Growth Management Director
Daniel Segui," 189,176.00 ",Port St. Lucie,Senior Assistant Director
Roger Jacob," 189,078.24 ",Port St. Lucie,Construction Project Director
Thomas Carrino," 189,034.00 ",St. Lucie County,Deputy County Administrator I
Ruth Holmes," 188,125.08 ",Stuart,Environmental Attorney
John Turner," 188,091.28 ",Vero Beach,City Attorney
Jennifer Hill," 187,398.02 ",St. Lucie County,Management & Budget Director
Paul Taglieri," 187,013.65 ",St. Lucie County Sheriff's Office,Chief of Staff
David Dyess," 187,013.65 ",St. Lucie County Sheriff's Office,Deputy Chief
Michael Beath," 187,013.65 ",St. Lucie County Sheriff's Office,Deputy Chief
Michael Swanchak," 187,013.65 ",St. Lucie County Sheriff's Office,Deputy Chief
Milo Thornton," 187,013.65 ",St. Lucie County Sheriff's Office,Deputy Chief
Sean Donahue," 186,517.60 ",Martin County,General Services Director
Thomas Hornbostel," 186,307.50 ",Martin County,District Chief
Joseph Lobosco," 186,307.50 ",Martin County,District Chief
Joshua Shell," 186,307.50 ",Martin County,District Chief
Natalie Cabrera," 185,313.70 ",Port St. Lucie,Director – Human Resources
Jeffrey Dougherty," 184,817.86 ",Martin County,Building Official/Director
Anthony Warren," 184,684.76 ",Indian River County,Director of Building & Facilities Services
Erika Sinclair," 184,607.48 ",Martin County,Chief Information Officer
Helen Wild," 184,512.00 ",St. Lucie Public Schools,Deputy Superintendent
Kristin Daniels," 184,398.24 ",Indian River County,Director Office Management & Budget
Terence O’Leary," 184,379.00 ",St. Lucie Public Schools,Chief Operations Officer
Suzanne Boyll," 184,090.14 ",Indian River County,Director of Human Resources
Donald Stefani," 183,659.42 ",St. Lucie County Fire District,Deputy Chief
Jennifer Davis," 183,575.08 ",Port St. Lucie,Director of Community and Economic Development
Brian Benton," 183,220.44 ",Sebastian,City Manager
Kevin Moore," 182,654.41 ",Martin County,District Chief
Karen Russell," 181,867.40 ",Port St. Lucie,Assistant Director – Finance
Theodore Stone," 181,662.00 ",Indian River Shores,Public Safety Director
Scott Risk," 180,435.55 ",Martin County,District Chief
Susan Prado," 180,287.38 ",Indian River County,Deputy County Attorney
Erik Harvey," 180,180.26 ",Indian River County,Director Information Technology
Laney Southerly," 179,434.84 ",Port St. Lucie,Regulatory Division Director
Kevin Abbate," 179,242.29 ",Martin County,Parks & Recreation Director
Johnna Morris," 178,631.32 ",Fort Pierce,"Director, Finance"
Michael Ewing," 178,473.65 ",Jupiter Island,Public Safety Director
Thomas Raulen," 177,974.00 ",Indian River County Sheriff's Office,Undersheriff
Yesenia Carde," 177,004.60 ",Martin County Sheriff's Office,Captain
Joseph Collazo," 177,004.60 ",Martin County Sheriff's Office,Captain
Matthew Immordino," 177,004.60 ",Martin County Sheriff's Office,Captain
Mykel Mcmurren," 177,004.60 ",Martin County Sheriff's Office,Captain
Jennifer Perkins," 177,004.60 ",Martin County Sheriff's Office,Captain
Charles Ward," 177,004.60 ",Martin County Sheriff's Office,Captain
Gavin Werner," 177,004.60 ",Martin County Sheriff's Office,Captain
Patrick Dayan," 176,798.34 ",St. Lucie County,Public Works Director
Kevin Perry," 176,369.00 ",St. Lucie Public Schools,Assistant to Superintendent
Barbara Sadaka," 176,369.00 ",St. Lucie Public Schools,General Counsel
Carmen Capezzuto," 176,081.88 ",Port St. Lucie,Neighborhood Services Director
Matthew Baum," 176,019.58 ",St. Lucie County,Facilities Director
Nancy Laureano," 175,000.00 ",Indian River County Sheriff's Office,Physician's Assistant
Sarah Prohaska," 174,880.68 ",Port St. Lucie,Communications Director
Dane Vachon," 174,540.91 ",St. Lucie County Fire District,Division Chief Days
Nicholas Wilson," 174,540.91 ",St. Lucie County Fire District,Division Chief Days
Michael Walker," 174,540.91 ",St. Lucie County Fire District,Division Chief Days
Wayne Boyer," 174,540.91 ",St. Lucie County Fire District,Division Chief Days
Scott Kimmelman," 174,500.61 ",Indian River State College,Athletic Director
Heather Christmas," 174,330.00 ",Indian River Shores,Finance Director
Fred Held," 174,330.00 ",Indian River Shores,Building Official
Heather Dayan," 173,786.66 ",Martin County,Director of HR and Risk
Vincent Felicione," 172,461.90 ",Stuart,Fire Chief
Annabel Robertson," 172,294.35 ",Indian River State College,Vice President of Institutional Advancement
Peter Kunen," 171,392.26 ",Stuart,Utilities & Engineering Director
Stanley Fidge," 171,278.38 ",Port St. Lucie,Information Security Officer
Mary Savage-Dunham," 171,253.16 ",Port St. Lucie,"Director, Planning & Zoning"
Mariana Portinho Feldpausch," 171,253.16 ",Port St. Lucie,"Director, Solid Waste"
Rosamond Strong," 171,178.02 ",Stuart,Human Resources Director
Bradley Keen," 170,766.44 ",Port St. Lucie,Director – Parks & Recreation
Ivy Ladyko," 170,597.18 ",Port St. Lucie,"Deputy Director, Budget Division"
Mia Tignor," 170,000.00 ",Indian River State College,Associate Vice Provost of Academic Affairs
Christopher Lestrange," 168,739.33 ",St. Lucie County,Public Works Assistant Director
Darren Duke," 168,293.32 ",Stuart,Technology Services Director
William Sutton Jr.," 167,957.23 ",Jupiter Island,Director of Information Technology
Ella Gilbert," 167,861.72 ",Port St. Lucie,Director – Risk Management
Elizabeth Powell," 167,816.22 ",Indian River County,"Director of Parks, Rec & Cons"
Milton Leggett," 167,571.56 ",Stuart,Public Works Director
Robert Bolton Jr.," 167,279.32 ",Vero Beach,"Director, W&S"
Joshua Revord," 166,955.78 ",St. Lucie County,"Port, Inlet & Beaches Director"
Sally Walsh," 166,485.28 ",Port St. Lucie,City Clerk
John Eason," 166,448.36 ",Port St. Lucie,Assistant Director – Utilities
Ciara Forbes," 166,400.00 ",St. Lucie County,Assistant County Attorney III
Bernard Romero," 166,001.61 ",Martin County Sheriff's Office,Chief Legal Advisor
Scott McAdam," 165,872.46 ",Indian River County,Building Official
Himanshu Mehta," 165,872.46 ",Indian River County,Managing Director - SWDD
Wayne Eseltine," 165,779.90 ",Sebastian,Building Official/Director
Flamur Zenelovic," 165,565.14 ",Stuart,Police Chief
Camille Wallace," 165,000.00 ",Fort Pierce,Deputy City Manager
Aimee Cooper," 164,626.00 ",Indian River County Sheriff's Office,Chief Financial Officer
Laura Hess," 164,626.00 ",Indian River County Sheriff's Office,Chief Operating Officer
Ross Partee," 164,626.00 ",Indian River County Sheriff's Office,Deputy Chief
Kent Campbell," 164,626.00 ",Indian River County Sheriff's Office,Deputy Chief
Taryn Kryzda," 163,904.00 ",Indiantown,Village Manager
Elizabeth Hertz," 163,892.82 ",Port St. Lucie,Senior Deputy City Attorney
Jennifer Salas," 163,751.97 ",Martin County,Library Director
Ronald Smith Jr.," 163,401.66 ",Martin County Sheriff's Office,Information Technology Director
Michelle Miller," 163,308.38 ",Martin County,Human Services Director
Tracey Miller," 163,229.74 ",Martin County School District,Deputy Superintendent
Cynthia Emerson," 163,206.16 ",Indian River County,Director of Community Services
Patricia Gagliano," 163,154.13 ",Indian River State College,Executive Dean of Health and Human Sciences
James Howse," 163,154.13 ",Indian River State College,Executive Dean of Business and Applied Technologies
Scott Stein," 163,154.13 ",Indian River State College,Executive Dean of Liberal Arts
Anthony Dribben," 163,154.13 ",Indian River State College,Executive Dean of Math and Science
Stephanie Etter," 163,154.13 ",Indian River State College,Executive Dean of Adult and Continuing Education
Anna Hubbard," 163,154.13 ",Indian River State College,Associate Dean of Health Sciences
Diana Spriggs," 163,098.26 ",Port St. Lucie,Assistant Director – Public Works
Craig Sommer," 163,026.00 ",St. Lucie Public Schools,Chief of Schools
John Maehl," 162,922.00 ",Martin County,Environmental Resource Administrator
Stephanie Merle," 162,742.22 ",Martin County,Director of OMB
Andrew Bolonka," 162,620.56 ",St. Lucie County Sheriff's Office,Captain
Cheryl Davis," 162,620.56 ",St. Lucie County Sheriff's Office,Analysis & Account. Dir
Charles Lumpkin," 162,620.56 ",St. Lucie County Sheriff's Office,Captain
Sandra Jackson," 162,620.56 ",St. Lucie County Sheriff's Office,Finance Director
Renee Major," 162,620.56 ",St. Lucie County Sheriff's Office,Personnel Services Director
William May," 162,620.56 ",St. Lucie County Sheriff's Office,Business Operations Director
Christopher Cousins," 162,620.56 ",St. Lucie County Sheriff's Office,IT Director
Yulieth Ortiz," 162,620.56 ",St. Lucie County Sheriff's Office,Captain
Perry Sessoms Jr.," 162,620.56 ",St. Lucie County Sheriff's Office,Captain
Byron Harbin," 162,620.56 ",St. Lucie County Sheriff's Office,Acting Captain
Scott Wells," 162,620.56 ",St. Lucie County Sheriff's Office,Captain
Robert Barton," 162,620.56 ",St. Lucie County Sheriff's Office,Captain
James Defonzo," 162,620.56 ",St. Lucie County Sheriff's Office,Captain
Petri Hayes," 162,620.56 ",St. Lucie County Sheriff's Office,Captain
James Willingham Jr.," 162,620.56 ",St. Lucie County Sheriff's Office,Captain
Andrew McIntosh," 162,620.56 ",St. Lucie County Sheriff's Office,Captain
Troy Norman," 162,620.56 ",St. Lucie County Sheriff's Office,Captain
Ryan Jay," 162,524.29 ",St. Lucie County Fire District,Division Chief Shift
Ryan Salomon," 162,524.29 ",St. Lucie County Fire District,Division Chief Shift
Daniel Mikels," 162,524.29 ",St. Lucie County Fire District,Division Chief Shift
Kyle Stirrat," 162,524.29 ",St. Lucie County Fire District,Division Chief Shift
Catherine Harding," 162,211.40 ",Jupiter Island,"Director of Building, Planning & Zoning"
Andrew Treadwell," 162,103.53 ",Indian River State College,Associate Vice President of Government & Community Relations
Carter Morrison," 161,960.94 ",Martin County School District,Assistant Superintendent of Finance
David Schryver," 161,867.42 ",Indian River County,Asst Director Public Works
Victoria Ortiz‑Lucas," 161,788.35 ",Indian River State College,Chief Budget Officer
Louis Johnson," 161,356.26 ",Port St. Lucie,Assistant Director – Public Works
Robert Ridle," 161,214.30 ",Fort Pierce,Deputy Chief of Police
Sean Gibbons," 160,823.00 ",Indian River County,Deputy Fire Chief of Admin/Ops
Peter Walden," 160,450.29 ",Martin County,Deputy Growth Management Director
Nerissa Serrano Okiye," 160,393.18 ",Martin County,Tourism Director
Keith Boham," 160,076.80 ",Port St. Lucie,Lieutenant
Ronald Jones," 160,000.10 ",Indian River County,Director of Public Works
Michael Grzelka," 159,567.61 ",Martin County,County Engineer
David Rattray," 159,246.36 ",Indian River County,Deputy Fire Chief of Admin/Ops
Caleb Gillette," 159,171.01 ",Fort Pierce,Deputy Chief of Police
Antonio Quinn," 159,161.85 ",Indian River State College,"Associate Vice President of Capital Planning, Projects, and Facilities"
Robert Boniewski Jr.," 159,043.00 ",Martin County,Battalion Chief Paramedic
Michael Diapoules," 159,043.00 ",Martin County,Battalion Chief Paramedic
Priscilla Dye," 159,043.00 ",Martin County,Battalion Chief Paramedic
Daniel Jouver," 159,043.00 ",Martin County,Battalion Chief Paramedic
Christopher Khanna," 159,043.00 ",Martin County,Battalion Chief Paramedic
Steven Parsons," 159,043.00 ",Martin County,Battalion Chief Paramedic
Bradley Reynolds," 159,043.00 ",Martin County,Battalion Chief Paramedic
Wilfredo Rodriguez," 159,043.00 ",Martin County,Battalion Chief Paramedic
Carolynn Stanway," 159,043.00 ",Martin County,Battalion Chief Paramedic
Richard Sterl," 159,043.00 ",Martin County,Battalion Chief Paramedic
Jason Wiggins," 159,043.00 ",Martin County,Battalion Chief Paramedic
Shawn Zaccheo," 159,043.00 ",Martin County,Battalion Chief Paramedic
Brian Stewart," 159,010.28 ",Sebastian,Chief Financial Officer
Rebecca Ventrella," 158,865.41 ",St. Lucie County,Public Utilities Director
Benjamin Balcer," 158,735.62 ",St. Lucie County,Planning and Dev Svcs Dir
David Currey," 158,432.82 ",Vero Beach,Chief of Police
Margaret Carland," 158,227.16 ",Port St. Lucie,Senior Deputy City Attorney
Marc Aveni," 157,500.00 ",Martin County,Deputy Public Works Director
Derek Ortado," 157,493.70 ",Stuart,Police Captain
Scott Logsdon," 157,422.83 ",Jupiter Island,Sergeant I
Howard Richards," 157,274.26 ",Indian River County,Manager - Capital Projects
Michael Gerwan," 157,210.30 ",Stuart,Police Captain
Kylie Yanchula," 157,149.72 ",Indian River County,Director of Natural Resources
Jacunti Ephfrom," 157,050.00 ",St. Lucie Public Schools,Director of Transportation
Michael Jerrahian," 156,936.39 ",St. Lucie County,Bldg Code Supv/Bldg Official
Matthew Resch," 156,928.96 ",Martin County,FRD Finance Administrator
David Alfonso," 156,781.00 ",St. Lucie Public Schools,High School Principal
Andrew McBean," 156,144.40 ",Martin County,Airport Director
Jonathan Huneycutt," 155,950.34 ",Stuart,Fire Rescue Operations Chief
Thomas Kiernan," 155,792.00 ",Port St. Lucie,City Surveyor
Robert Daniels," 155,765.72 ",Sewall's Point,Town Manager
Bela Nagy," 155,709.32 ",Indian River County,Golf Professional
Nathaniel Rubel," 155,543.96 ",Port St. Lucie,Procurement Assistant Director
Adriene Jefferson," 155,379.69 ",Indian River State College,"Dean of Northwest Center, and Equity Officer, Title IX Coordinator"
Clyde Cuffy," 155,331.80 ",Port St. Lucie,Regulatory Division Director
Lydia Martin," 155,307.00 ",St. Lucie Public Schools,Chief Communications Officer
George Sumner," 155,167.74 ",Stuart,Fire Rescue District Chief
Abraham Alvarez," 155,002.12 ",Port St. Lucie,"Division Director, Fiscal Management"
Alp Cokgoren," 155,000.04 ",Martin County Sheriff's Office,Lieutenant / Administrative
Michael McMahan," 155,000.04 ",Martin County Sheriff's Office,Lieutenant
Stephen Piekara," 155,000.04 ",Martin County Sheriff's Office,Lieutenant
Matthew Varady," 155,000.04 ",Martin County Sheriff's Office,Lieutenant
Leo Fox," 155,000.00 ",Martin County,Senior Assistant County Attorney
Dillon Bellas," 154,998.62 ",Martin County Sheriff's Office,Lieutenant
John Bowdoin," 154,998.62 ",Martin County Sheriff's Office,Administrative Lieutenant
Mark Diapoules," 154,998.62 ",Martin County Sheriff's Office,Lieutenant
William Dolan," 154,998.62 ",Martin County Sheriff's Office,Lieutenant
Travis Dykes," 154,998.62 ",Martin County Sheriff's Office,Lieutenant
Michael Gargan," 154,998.62 ",Martin County Sheriff's Office,Lieutenant
Joseph Kukuvka," 154,998.62 ",Martin County Sheriff's Office,Lieutenant
Benjamin Lisle," 154,998.62 ",Martin County Sheriff's Office,Lieutenant
James Maltese Jr.," 154,998.62 ",Martin County Sheriff's Office,Lieutenant / SIS
Michael McCarthy," 154,998.62 ",Martin County Sheriff's Office,Lieutenant / West County
Christopher Morales," 154,998.62 ",Martin County Sheriff's Office,Lieutenant
Kenyatta Polite‑Sweet," 154,998.62 ",Martin County Sheriff's Office,Lieutenant
David Rosko," 154,998.62 ",Martin County Sheriff's Office,Lieutenant / Traffic
Micah Skowronski," 154,998.62 ",Martin County Sheriff's Office,Lieutenant
Robert Smith Jr.," 154,998.62 ",Martin County Sheriff's Office,Lieutenant
Andrew Watson," 154,998.62 ",Martin County Sheriff's Office,Lieutenant
Christine Weiss," 154,998.62 ",Martin County Sheriff's Office,Public Information Officer
Steve Harnage," 154,331.32 ",Port St. Lucie,Manager
Kevin Cooper," 154,329.09 ",Indian River State College,Executive Director of Innovation and Business Development
Alyssa Lunin," 154,234.34 ",Port St. Lucie,Senior Deputy City Attorney
Gregory Atkinson," 154,171.26 ",St. Lucie County,Asst. Dir. of Public Utilities
Richard Meckes," 154,144.12 ",Indian River County,Assist Director Utilities Svcs
Timothy Richards," 153,933.52 ",Port St. Lucie,Deputy Director – Utilities
Joyania Hawthorne," 153,362.23 ",St. Lucie County,Parks & Recreation Director
Jeremy Covey," 153,285.43 ",Martin County,Utilities Deputy Director
Lisa Estevez," 152,983.70 ",Martin County School District,Assistant Superintendent of Student Affairs
John Stoll," 152,775.22 ",Indian River County,Director of Planning/Devel Svc
Tiffany Lewis," 152,700.66 ",Indian River State College,Associate Dean of Mathematics
Clifford Labbe Sr.," 152,284.00 ",Indian River County Sheriff's Office,Captain
Anthony Civita," 152,284.00 ",Indian River County Sheriff's Office,Captain
Jesus Cirino Jr.," 152,284.00 ",Indian River County Sheriff's Office,Captain
Joseph Abollo," 152,284.00 ",Indian River County Sheriff's Office,Captain
Linda Nolan," 152,284.00 ",Indian River County Sheriff's Office,Captain
William Luther," 152,284.00 ",Indian River County Sheriff's Office,Captain
Steven Stoll," 152,284.00 ",Indian River County Sheriff's Office,Captain
Angela Rosado‑Jones," 152,284.00 ",Indian River County Sheriff's Office,Captain
Larry Nusser III," 152,284.00 ",Indian River County Sheriff's Office,Captain
Shasta Hayes," 152,284.00 ",Indian River County Sheriff's Office,Behavioral Health APRN
Jodi Olivadoti," 152,284.00 ",Indian River County Sheriff's Office,Health Care Administrator
Kimberly Butler," 152,121.00 ",St. Lucie County,Human Resources & Risk Mgmt Director
Amy Eason," 151,969.15 ",Martin County,Environmental Resource Engineer
Sebastian Poprawski," 151,969.15 ",Martin County,Senior Assistant County Attorney
Louis Caprino," 151,800.00 ",Indian River State College,Executive Dean of Public Services
James Chrulski," 151,166.34 ",Stuart,Community Services Director
Michelle Thomas," 151,096.00 ",St. Lucie Public Schools,Chief Financial Officer
John Dellacroce," 150,876.96 ",Port St. Lucie,Lieutenant
Adam Heltemes," 150,425.34 ",Indian River County,Roadway Production Manager
Joseph Norkus," 150,384.52 ",Port St. Lucie,Lieutenant
Joseph Scolly," 150,228.66 ",Jupiter Island,Captain
Robert Skok," 150,003.62 ",Indian River County,Manager - Capital Projects
Donald Bergmann," 150,000.00 ",Indian River State College,Chief of Campus Safety
Armando Martinez," 149,999.20 ",Fellsmere,City Manager
Jennifer Deshazo," 149,792.25 ",Martin County School District,Chief of Staff and Strategic Communications
Erick Gill," 149,498.75 ",St. Lucie County,Communications Director
Salvador Garcia," 149,378.58 ",Port St. Lucie,Lieutenant
Andres Elizondo," 149,260.80 ",St. Lucie County Fire District,Batt Chief Day
Richard Hall," 149,260.80 ",St. Lucie County Fire District,Batt Chief Day
Frank Haskell," 149,260.80 ",St. Lucie County Fire District,Batt Chief Shift
Aaron Shaw," 149,260.80 ",St. Lucie County Fire District,Batt Chief Shift
Kevin Whitaker," 149,260.80 ",St. Lucie County Fire District,Batt Chief Shift
Chad Crouse," 149,260.80 ",St. Lucie County Fire District,Batt Chief Shift
Alexia French," 149,260.80 ",St. Lucie County Fire District,Batt Chief Shift
Jesus Bayona," 149,260.80 ",St. Lucie County Fire District,Batt Chief Shift
Keith Bergeron," 149,260.80 ",St. Lucie County Fire District,Batt Chief Shift
Casey Hogan," 149,260.80 ",St. Lucie County Fire District,Batt Chief Shift
John Staropoli," 149,260.80 ",St. Lucie County Fire District,Batt Chief Shift
David Stonehouse," 149,115.20 ",Port St. Lucie,"Director, Event Center"
Adolfo Covelli," 149,000.00 ",St. Lucie County,Transit Director
Erik Wilson," 148,796.96 ",Port St. Lucie,Lieutenant
Howard Kubitschek," 148,736.95 ",Fort Pierce,"Director, Marina"
Anne Cox," 148,391.88 ",Port St. Lucie,Assistant Director – P&Z
Cynthia Stanton," 147,819.10 ",Indian River County,Risk Manager
David Lawson," 147,738.24 ",Stuart,Fire Rescue Battalion Chief
Todd Smith," 147,593.00 ",St. Lucie Public Schools,High School Principal
Tina Ciechanowski," 147,492.17 ",Sewall's Point,Police Chief
Albert Iovino," 147,381.00 ",Indian River Shores,Lieutenant
Bryan Herrington," 147,298.58 ",Port St. Lucie,Lieutenant
Krysti Brotherton," 147,247.78 ",Martin County,Chief Procurement Officer
Russell Ward," 147,234.88 ",Port St. Lucie,Deputy City Attorney
Nicholas Gagliardo," 147,000.10 ",Indian River County,Asst Director Public Works
Lepauleon Thomas," 146,994.12 ",Fort Pierce,Building Director/Official
Adrian Ocampo," 146,921.00 ",St. Lucie Public Schools,Executive Director of Assessment
Zakariya Sherman," 146,858.40 ",Port St. Lucie,"Interim Director, Facilities Maintenance"
Kevin Freeman," 146,764.80 ",Fort Pierce,Director of Planning
Adrian Caudell," 146,716.96 ",Port St. Lucie,Lieutenant
Timothy Bordt," 146,716.96 ",Port St. Lucie,Lieutenant
Jodi Kugler," 146,636.10 ",Stuart,Development Director
Stephen Greer," 146,547.18 ",Indian River County,Assistant Fire Chief of EMS
William Herrington," 146,547.18 ",Indian River County,Assistant Fire Chief of Train
Kimberly Albritton," 146,376.00 ",St. Lucie Public Schools,Director of Financial Operations
Michelle Jerger," 146,376.00 ",St. Lucie Public Schools,Director of Student Assignment
Peter May," 146,055.00 ",Port St. Lucie,Executive Project Manager – Stormwater
Bruce Green," 145,873.75 ",School District of Indian River County,Chief Financial Officer (CFO)
Frank Amandro," 145,848.96 ",St. Lucie County,Criminal Justice Director
Kori Benton," 145,821.31 ",St. Lucie County,Planning & Zoning Manager
Leonard Williams," 145,816.25 ",Indian River State College,Associate Vice President of Advising and Career Services
Diane Leinenbach," 145,779.00 ",St. Lucie Public Schools,Executive Director of School Renewal
Charlotte Bireley," 145,753.17 ",St. Lucie County,Tourism & Venues Director
Leo Repetti," 145,528.48 ",Martin County,Technical Services Administrator
Guillermo Carbonell," 145,509.00 ",Indian River County,Deputy Building Official
Sandra Steele," 145,474.16 ",Port St. Lucie,Pension Plan Manager
Rangel Guerrero," 145,215.62 ",St. Lucie County,Public Safety Director
Roger Dion," 145,067.52 ",Indian River County,Emergency Ops Battalion Chief
Kyle Kofke," 145,067.52 ",Indian River County,Emergency Ops Battalion Chief
Lisa Burnham," 145,000.18 ",Vero Beach,"Director, Finance"
Shaun Coss," 145,000.00 ",Fort Pierce,Director of Community Response
Linda Cox," 145,000.00 ",Fort Pierce,City Clerk
Joann Riley," 145,000.00 ",St. Lucie County,Property Acquisition Director
Brittany Bassett," 144,944.40 ",Martin County,Utilities Assistant Director
Floralba Arbelo Marrero," 144,876.28 ",Indian River State College,Associate Vice President of Student Life
Deborah Wuest," 144,854.00 ",St. Lucie Public Schools,Director of Food Service
Michael Santiago," 144,700.92 ",Fort Pierce,Police Major
Eric Chan," 144,700.92 ",Fort Pierce,Police Major
Matthew Mitts," 144,685.32 ",Vero Beach,"Director, Public Works"
Denise Rodriguez," 144,638.00 ",St. Lucie Public Schools,Executive Director of Teaching and Learning
Daniel Zrallack," 144,588.29 ",St. Lucie County,County Engineer
Francesco Frangella," 144,130.00 ",Martin County School District,Chief of Safety and Security
Ryan Sweeney," 144,097.20 ",Indian River County,Asst Director Plan & Dev Svcs
Jason Vega," 143,720.20 ",Port St. Lucie,Lieutenant
Aaron Martin," 143,720.20 ",Port St. Lucie,Lieutenant
Joshua Saffomilla," 143,720.20 ",Port St. Lucie,Lieutenant
Matthew Reynolds," 143,720.20 ",Port St. Lucie,Lieutenant
Steven Graul," 143,594.88 ",Indian River County,Emergency Ops Battalion Chief
Glenn Rustay," 143,334.00 ",St. Lucie Public Schools,Elementary School Principal
Terry Henkel," 143,138.58 ",Port St. Lucie,Lieutenant
David Butterworth," 143,138.58 ",Port St. Lucie,Lieutenant
Erik Ferguson," 143,100.00 ",Martin County,Traffic Engineer Administrator
Tracy Telle," 142,981.02 ",Fort Pierce,Engineering Manager
Lori Vogel," 142,835.00 ",Martin County School District,Principal High School
Sally Waite," 142,662.70 ",Martin County,Emergency Management Director
Christopher Puorro," 142,658.97 ",Indian River State College,Associate Vice President - IRSC Public Media
Mary Kindel," 142,640.16 ",Stuart,City Clerk
Charles Proulx," 142,602.98 ",Port St. Lucie,Deputy Director – Finance
Christopher Hicks," 142,597.78 ",Indian River County,Assistant County Attorney
Frank Lasaga," 142,449.47 ",Jupiter Island,Public Safety Sergeant II
Roderick Natta," 142,358.00 ",St. Lucie Public Schools,Executive Director of Federal Programs
Chadwick Bacon," 141,960.00 ",Indian River County,Assistant Director Building & Facilities Services
Ginger Russell," 141,813.00 ",St. Lucie Public Schools,Director of Risk Management
Matthew Weber," 141,813.00 ",St. Lucie Public Schools,Director of Maintenance and Building Services
John Dunton," 141,745.76 ",Port St. Lucie,Deputy Director – Public Works
Christopher D'Angelo," 141,640.20 ",Port St. Lucie,Lieutenant
Brian Boice," 141,640.20 ",Port St. Lucie,Lieutenant
Harrison Youngblood," 141,620.18 ",Indian River County,Principal Engineer
Matthew Monaco," 141,481.08 ",Vero Beach,Deputy Chief
Joanne Costello," 141,479.63 ",Martin County Sheriff's Office,Executive Office Manager
Aimie Pieper," 141,478.88 ",Martin County Sheriff's Office,HR Manager
Maegan Richardson," 141,409.19 ",St. Lucie County Sheriff's Office,Lieutenant
Rhonda Wigglesworth," 141,409.19 ",St. Lucie County Sheriff's Office,Assistant Finance Director
Lisa Smith," 141,409.19 ",St. Lucie County Sheriff's Office,Assistant Business Operations Director
Michelle Hernandez," 141,409.19 ",St. Lucie County Sheriff's Office,Lieutenant
Donald Christman," 141,409.19 ",St. Lucie County Sheriff's Office,Lieutenant
Mark Colangelo," 141,409.19 ",St. Lucie County Sheriff's Office,Lieutenant
Angela Flowers," 141,409.19 ",St. Lucie County Sheriff's Office,Lieutenant
John Parow," 141,409.19 ",St. Lucie County Sheriff's Office,Lieutenant
Ryan Register," 141,409.19 ",St. Lucie County Sheriff's Office,Lieutenant
Ronald Wentz," 141,409.19 ",St. Lucie County Sheriff's Office,Lieutenant
James Adams," 141,409.19 ",St. Lucie County Sheriff's Office,Lieutenant
Matthew Briglia," 141,409.19 ",St. Lucie County Sheriff's Office,Lieutenant
Wade Courtemanche," 141,409.19 ",St. Lucie County Sheriff's Office,Lieutenant
Brian Buchko," 141,409.19 ",St. Lucie County Sheriff's Office,Lieutenant
WT Hamilton," 141,409.19 ",St. Lucie County Sheriff's Office,Lieutenant
Clifford Lamm," 141,409.19 ",St. Lucie County Sheriff's Office,Lieutenant
James Mullins," 141,409.19 ",St. Lucie County Sheriff's Office,Lieutenant
Tracey Fitzpatrick," 141,409.19 ",St. Lucie County Sheriff's Office,Lieutenant
Michael O’Brien," 141,409.19 ",St. Lucie County Sheriff's Office,Lieutenant
Jonathan Verna," 141,409.19 ",St. Lucie County Sheriff's Office,Lieutenant
Robert Pettit," 141,409.19 ",St. Lucie County Sheriff's Office,Lieutenant
Deron Brown," 141,409.19 ",St. Lucie County Sheriff's Office,Lieutenant
Andrew Soesbe," 141,409.19 ",St. Lucie County Sheriff's Office,Lieutenant
Darrell Canamas," 141,215.00 ",St. Lucie Public Schools,Executive Director of Schools
Heather Roland," 141,215.00 ",St. Lucie Public Schools,Executive Director of Student Services/ESE
Kimberly Sala," 141,023.22 ",Port St. Lucie,Assistant Director – HR
Jeffrey Meyer," 140,750.74 ",Port St. Lucie,IT Infrastructure Division Chief
Felicia Nixon," 140,594.00 ",St. Lucie Public Schools,Elementary School Principal
Justin Forget," 140,449.92 ",Indian River County,Emergency Ops Battalion Chief
Nicole Telese," 140,341.00 ",St. Lucie Public Schools,High School Principal
Lisa Wichser," 140,235.40 ",Martin County,Chief Project Engineer
Kyle Gabbard," 140,050.56 ",Indian River County,Emergency Ops Battalion Chief
Kate Ambrosini," 140,000.12 ",Stuart,Financial Services Director
Vonrick Alexander," 140,000.00 ",Indian River State College,Associate Vice President of Finance
Jessica Elsdon Ballash," 140,000.00 ",Martin County,Deputy Director
Moataz Hassan," 139,920.00 ",Martin County,Field Operations Administrator
Erin Harrigan," 139,856.00 ",St. Lucie Public Schools,Assistant General Counsel
Keith Baker," 139,820.78 ",Martin County,Capital Projects Administrator
Brian Freeman," 139,813.18 ",Indian River County,MPO Staff Director
Gregory Gardner," 139,735.70 ",Sebastian,Golf Course Director
Kevin Landry," 139,701.67 ",Martin County,General Services Deputy Director
Jamie Mastin," 139,560.20 ",Port St. Lucie,Lieutenant
Janice Rutan," 139,542.00 ",Indian River Shores,Town Clerk
Michael Kohler," 139,272.12 ",Port St. Lucie,Principal GIS Architect
Eldrique Gardner," 139,201.00 ",St. Lucie Public Schools,High School Principal
Antonio Balestrieri," 139,100.00 ",Port St. Lucie,Transportation Engineer
Monarae Miller‑Buchanan," 138,932.00 ",St. Lucie Public Schools,Executive Director of Schools
Matthew Pietrzak," 138,855.34 ",Port St. Lucie,Sergeant
Kelly Baysura," 138,843.00 ",School District of Indian River County,Chief Academic Officer
David Duran," 138,745.62 ",Stuart,Police Lieutenant
Robert Spriggs," 138,572.05 ",Martin County Sheriff's Office,Senior Systems Administrator II
Amy Griffin," 138,379.90 ",St. Lucie County,Environmental Resources Director
Kelly Boatwright," 138,321.30 ",Port St. Lucie,Assistant Director – Parks & Rec
George Beck," 138,000.20 ",Indian River County,Land Development Manager
Patrick Walsh," 137,947.26 ",St. Lucie County,Utilities Division Director
Mary Beltran," 137,528.80 ",Martin County,MPO Administrator
Carla Segura," 137,528.78 ",Martin County,Real Property Manager
Arjuna Weragoda," 137,450.56 ",Vero Beach,Project Manager Capital Projects
Cameron Howard," 137,449.73 ",St. Lucie County,Airport Director
Neiland Amerson," 137,389.00 ",Martin County,Captain Paramedic
Justin Angel," 137,389.00 ",Martin County,Captain Paramedic
Nicholas Bates," 137,389.00 ",Martin County,Captain Paramedic
Benjamin Bishop," 137,389.00 ",Martin County,Captain Paramedic
Spencer Bolander," 137,389.00 ",Martin County,Captain Paramedic
Clinton Bradley," 137,389.00 ",Martin County,Captain Paramedic
Robert Bushman III," 137,389.00 ",Martin County,Captain Paramedic
Amanda Cheli," 137,389.00 ",Martin County,Captain Paramedic
Giancarlo Cheli," 137,389.00 ",Martin County,Captain Paramedic
Lawrence Crary IV," 137,389.00 ",Martin County,Captain Paramedic
James Donnelly," 137,389.00 ",Martin County,Captain Paramedic
Trevor Eve," 137,389.00 ",Martin County,Captain Paramedic
Roy Friedrich," 137,389.00 ",Martin County,Captain Paramedic
Michael Gardner Jr.," 137,389.00 ",Martin County,Captain Paramedic
Amanda Hamel," 137,389.00 ",Martin County,Captain Paramedic
Joshua Hileman," 137,389.00 ",Martin County,Captain Paramedic
Brady Hutchens," 137,389.00 ",Martin County,Captain Paramedic
Roger Johnson," 137,389.00 ",Martin County,Captain Paramedic
Tyler Just," 137,389.00 ",Martin County,Captain Paramedic
Jason Keane," 137,389.00 ",Martin County,Captain Paramedic
Andrew Koski," 137,389.00 ",Martin County,Captain Paramedic
Peter Kosloski," 137,389.00 ",Martin County,Captain Paramedic
Ryan Kurish," 137,389.00 ",Martin County,Captain Paramedic
Jose Labrador," 137,389.00 ",Martin County,Captain Paramedic
Dar Little," 137,389.00 ",Martin County,Captain Paramedic
Daniel Marion," 137,389.00 ",Martin County,Captain Paramedic
Mark Marzucca," 137,389.00 ",Martin County,Captain Paramedic
Faye Mcalpine," 137,389.00 ",Martin County,Captain Paramedic
Michael Messier Jr.," 137,389.00 ",Martin County,Captain Paramedic
Eric Nelson," 137,389.00 ",Martin County,Captain Paramedic
Joshua Obrien," 137,389.00 ",Martin County,Captain Paramedic
Matthew Padilla," 137,389.00 ",Martin County,Captain Paramedic
Conner Pecci," 137,389.00 ",Martin County,Captain Paramedic
Christopher Pottorff," 137,389.00 ",Martin County,Captain Paramedic
Dustin Reagle," 137,389.00 ",Martin County,Captain Paramedic
Ryan Savage," 137,389.00 ",Martin County,Captain Paramedic
Sean Smith," 137,389.00 ",Martin County,Captain Paramedic
Joseph Sredniawa," 137,389.00 ",Martin County,Captain Paramedic
Christopher Stagmiller," 137,389.00 ",Martin County,Captain Paramedic
Jonathan Vale," 137,389.00 ",Martin County,Captain Paramedic
Kevin Wiggins," 137,389.00 ",Martin County,Captain Paramedic
Kenneth Zottola," 137,389.00 ",Martin County,Captain Paramedic
Jody Bridwell," 137,389.00 ",Martin County,EMS Captain
Jennifer Colton," 137,389.00 ",Martin County,EMS Captain
Christopher Hester," 137,389.00 ",Martin County,EMS Captain
Jason Kipp," 137,389.00 ",Martin County,EMS Captain
Michael Knapp," 137,389.00 ",Martin County,EMS Captain
Redacted," 137,389.00 ",Martin County,EMS Captain
Nicholas Mettille," 137,389.00 ",Martin County,EMS Captain
Timothy Myers," 137,389.00 ",Martin County,EMS Captain
Devon Parkes," 137,389.00 ",Martin County,EMS Captain
Melissa Reilly," 137,389.00 ",Martin County,EMS Captain
Max Sprauer," 137,389.00 ",Martin County,EMS Captain
Robert Udzinski," 137,389.00 ",Martin County,EMS Captain
Roger Shinn," 137,125.65 ",Jupiter Island,Public Safety Sergeant
Michelle Herrington," 136,917.00 ",St. Lucie Public Schools,High School Principal
Keith Davis," 136,844.00 ",St. Lucie Public Schools,Middle/Junior School Principal
Latanya Greene," 136,844.00 ",St. Lucie Public Schools,Middle/Junior School Principal
Kevin Kaminski," 136,775.34 ",Port St. Lucie,Sergeant
Andrew Lawler," 136,775.34 ",Port St. Lucie,Sergeant
Maiga Auguste," 136,775.34 ",Port St. Lucie,Sergeant
Abel Alves," 136,775.34 ",Port St. Lucie,Sergeant
Joseph Alves," 136,775.34 ",Port St. Lucie,Sergeant
Christina Jacobs," 136,546.07 ",School District of Indian River County,Chief of Staff
Robert Kendrick," 136,431.88 ",Port St. Lucie,Assistant Director – Parks
Shawn O'Keefe," 136,391.71 ",School District of Indian River County,Director Food & Nutrition Services
Robert Orton," 136,009.12 ",St. Lucie County Fire District,Captain Medic Day
Steven Kozac," 136,009.12 ",St. Lucie County Fire District,Captain Medic Day
Daniel Fontanals," 136,009.12 ",St. Lucie County Fire District,Captain Medic Day
Wade Tindall," 136,009.12 ",St. Lucie County Fire District,Captain Medic Day
Jesse Almand," 136,009.12 ",St. Lucie County Fire District,Captain Medic Day
Ryan Prussing," 136,009.12 ",St. Lucie County Fire District,Captain Medic Day
Robert Kelly," 136,009.12 ",St. Lucie County Fire District,Master Mechanic
Ryan Miller," 136,009.04 ",St. Lucie County Fire District,Captain Medic Shift
Anthony Fitzpatrick," 136,009.04 ",St. Lucie County Fire District,Captain Medic Shift
John King Jr.," 136,009.04 ",St. Lucie County Fire District,Captain Medic Shift
Eric Barnes," 136,009.04 ",St. Lucie County Fire District,Captain Medic Shift
Joseph Spinosi," 136,009.04 ",St. Lucie County Fire District,Captain Medic Shift
Salomon Rincon," 136,009.04 ",St. Lucie County Fire District,Captain Medic Shift
David Eskew," 136,009.04 ",St. Lucie County Fire District,Captain Medic Shift
Kenneth Lenz," 136,009.04 ",St. Lucie County Fire District,Captain Medic Shift
Colin Dewar," 136,009.04 ",St. Lucie County Fire District,Captain Medic Shift
Collin Stanford," 136,009.04 ",St. Lucie County Fire District,Captain Medic Shift
Sandra Chambers," 136,009.04 ",St. Lucie County Fire District,Captain Medic Shift
John Craton," 136,009.04 ",St. Lucie County Fire District,Captain Medic Shift
Grover Cooper IV," 136,009.04 ",St. Lucie County Fire District,Captain Medic Shift
Christopher Lewis," 136,009.04 ",St. Lucie County Fire District,Captain Medic Shift
Jason Kershanick," 136,009.04 ",St. Lucie County Fire District,Captain Medic Shift
Satchelle Peterkin," 136,009.04 ",St. Lucie County Fire District,Captain Medic Shift
Ryan Bator," 136,009.04 ",St. Lucie County Fire District,Captain Medic Shift
Trevor Giordano," 136,009.04 ",St. Lucie County Fire District,Captain Medic Shift
Roman Garcia," 136,009.04 ",St. Lucie County Fire District,Captain Medic Shift
David Sloat," 136,009.04 ",St. Lucie County Fire District,Captain Medic Shift
John Calhoun," 136,009.04 ",St. Lucie County Fire District,Captain Medic Shift
Brian Bossio," 135,878.34 ",Stuart,Police Lieutenant
John Reddick," 135,781.10 ",Stuart,Police Lieutenant
Gerald Earley," 135,777.00 ",St. Lucie Public Schools,High School Principal
Bradley Lehman," 135,777.00 ",St. Lucie Public Schools,High School Principal
William Foust," 135,603.23 ",Martin County,Assistant Parks & Recreation Director
Andrew Friedman," 135,300.36 ",Port St. Lucie,"Division Director, Strategic & Analysis"
Edward Ryer," 135,193.50 ",Indian River Shores,Assistant Police Chief
Vincent Montalto," 135,088.20 ",Port St. Lucie,Deputy Building Official
Cherry Stowe," 135,000.00 ",Orchid,Town Manager
Ronald Rudner," 135,000.00 ",Martin County,Facilities Operations Administrator
Pinal Savdas," 134,911.40 ",Stuart,CRA Executive Director
Colin Duncombe," 134,695.34 ",Port St. Lucie,Sergeant
Adrian Zamoyski," 134,695.34 ",Port St. Lucie,Sergeant
Alexandra Derrico," 134,695.34 ",Port St. Lucie,Sergeant
Richard Marini," 134,690.66 ",Indian River County,Deputy Fire Chief of Admin/Ops
Arthur Jamison Jr.," 134,561.00 ",St. Lucie Public Schools,Middle/Junior School Principal
Henry Sanabria," 134,561.00 ",St. Lucie Public Schools,Middle/Junior School Principal
Kerri Walukiewicz," 134,561.00 ",St. Lucie Public Schools,Middle/Junior School Principal
Eric Charest," 134,388.02 ",Indian River County,Assistant Director Natural Resources
Debra Adamson," 134,354.44 ",Indian River County Sheriff's Office,Unit Director IT
Paul Hitchcock," 134,231.24 ",Stuart,Plant Services Manager
Beth Crisafulli," 134,203.85 ",School District of Indian River County,Assistant Superintendent School Operations & Support
Jay Liss," 134,201.08 ",Port St. Lucie,Recreation Administrator
Karen Miller," 133,985.02 ",Sebastian,Airport Director/City Engineer
Gabrielle Manus," 133,626.22 ",Vero Beach,"Director, Human Resources"
Timothy Wood," 133,577.86 ",Sebastian,Deputy Police Chief
Roger Jacobsen," 133,577.60 ",St. Lucie County,Mosquito Control Director
Robyn Saint‑Paen," 133,577.60 ",St. Lucie County,Library Services Director
Norah Krushinski," 133,536.52 ",Port St. Lucie,Special Events Division Director
Natalia Chekhovskaya," 133,527.21 ",Indian River State College,Executive Director of Advanced Manufacturing
Elizabeth Pruitt," 133,418.00 ",St. Lucie Public Schools,Director of Secondary Curriculum
Jeanne Ziemba," 133,418.00 ",St. Lucie Public Schools,Middle/Junior School Principal
Dawna Guiel," 133,418.00 ",St. Lucie Public Schools,Director of Pupil Personnel Services
David Silon," 133,337.10 ",Indian River County,Assistant County Surveyor
Ian Harris," 133,262.48 ",Port St. Lucie,Sergeant
Robert Perkins," 133,262.48 ",Port St. Lucie,Sergeant
Supreet Cheema," 133,262.48 ",Port St. Lucie,Sergeant
Wayne Howard," 133,186.56 ",Indian River County,Emergency Ops Battalion Chief
William Willmot," 133,186.56 ",Indian River County,Emergency Ops Battalion Chief
Lindsay Skully," 133,105.47 ",Indian River State College,Associate Vice President Brand Experience
Ryan Lloyd," 133,097.38 ",Indian River County,Deputy Director of Emergency Services
Anna Hoang-Lok," 133,042.52 ",Indian River County,County Traffic Engineer
Bridget Kean," 132,953.86 ",Port St. Lucie,Deputy Director P&Z
David Saylor," 132,693.35 ",St. Lucie County Fire District,Captain Shift
Bret Sundblad," 132,692.14 ",St. Lucie County Fire District,Chief Information Officer
Erik Levasseur," 132,615.34 ",Port St. Lucie,Sergeant
Dominick Mesiti," 132,615.34 ",Port St. Lucie,Sergeant
Lisa Carrasquillo," 132,615.34 ",Port St. Lucie,Sergeant
Reece Kilner," 132,615.34 ",Port St. Lucie,Sergeant
Constantine Savvidis," 132,559.18 ",Sebastian,Police Lieutenant
Jamie Polidora," 132,500.00 ",Martin County,Senior Project Engineer
Robert Massa," 132,471.00 ",St. Lucie Public Schools,Building Code Administrator
Kevin Carey Jr.," 132,460.19 ",Jupiter Island,Senior Water Division Manager
Jeffrey Raimann," 132,400.00 ",Martin County School District,Executive Director of Talent Acquisition & HR Operations
Jared Sorensen," 132,299.98 ",Fort Pierce,HR Manager
Joseph Lezeau," 132,278.00 ",St. Lucie Public Schools,Middle/Junior School Principal
Esther Rivera," 132,278.00 ",St. Lucie Public Schools,Director of Student Services
Ana Rodriguez‑Oronoz," 132,278.00 ",St. Lucie Public Schools,Middle/Junior School Principal
James Dunn," 132,206.00 ",St. Lucie Public Schools,Information Technology Services Data Processing Manager
Donald Carter," 132,206.00 ",St. Lucie Public Schools,Transportation Manager
D’Jion Jackson," 132,201.00 ",St. Lucie Public Schools,Elementary School Principal
James Minor," 132,113.28 ",Stuart,Fire Rescue Battalion Chief
Kimberlee Levee," 132,086.48 ",Martin County,Chief of Staff
Bruce Fraser," 132,000.00 ",Indian River State College,Executive Director of AI (Artificial Intelligence)
Lauren Gifford," 132,000.00 ",Martin County School District,Executive Director of School Improvement & Leadership
Melissa Pietrzyk," 131,999.96 ",Martin County,Senior Assistant County Attorney
William Thompson," 131,827.02 ",Port St. Lucie,Sergeant
Troy Shearer," 131,675.20 ",Indian River State College,Associate Dean of Applied Technologies
Jennifer Hance," 131,414.40 ",St. Lucie County,Community Services Director
Leslie Judd," 131,405.00 ",Indian River State College,Executive Director/Principal - Clark Advanced Learning Center
Matthew Potsko," 131,385.46 ",Jupiter Island,Public Safety Corporal IIB
Joshua Ney," 131,300.00 ",Martin County,Assistant Building Official
James Walton," 131,300.00 ",Martin County,Assistant Building Official
John Fazio," 131,182.48 ",Port St. Lucie,Sergeant
Carlos Waldron," 131,182.48 ",Port St. Lucie,Sergeant
Daniel Baggett," 131,172.09 ",St. Lucie County,Assistant IT Director
Tracy Valure," 131,160.90 ",Port St. Lucie,"Assistant Director, Building"
Marcy Luckey," 131,138.00 ",St. Lucie Public Schools,Elementary School Principal
Jennifer Ingersoll," 131,138.00 ",St. Lucie Public Schools,Middle/Junior School Principal
Brie Lamb," 131,138.00 ",St. Lucie Public Schools,Middle/Junior School Principal
Vashitie Seitz," 131,138.00 ",St. Lucie Public Schools,Director of Career and Technical Education
Thomas Harrelson," 131,102.92 ",Vero Beach,Police Lieutenant 4
John Evans," 131,040.52 ",Indian River County,Facilities Manager
Douglas Dombroski," 131,040.26 ",Indian River County,Economic Development Manager
Courtney Calderone," 130,873.60 ",St. Lucie County,Government Relations Director
Derek Moore," 130,784.91 ",St. Lucie County,Road & Bridge Division Manager
Louis Hatten," 130,737.62 ",Stuart,Building Official
Daniel Cook," 130,348.40 ",Vero Beach,Police Lieutenant 4
Philip Huddy III," 130,348.40 ",Vero Beach,Police Lieutenant 4
Christopher Roberts," 130,348.40 ",Vero Beach,Police Lieutenant 4 Det
Beth Celestino," 130,288.66 ",Martin County Sheriff's Office,Assistant Finance Director
Susan Kores," 130,257.25 ",Martin County,Community Development Director
Felicia Holloman," 130,095.16 ",Fort Pierce,Assistant City Attorney
Mario Arguelles," 130,000.00 ",Martin County,Assistant Parks & Recreation Director
Daniel Moore," 130,000.00 ",Martin County School District,Executive Director of Curriculum & Instruction
Jessica Bessant," 129,995.00 ",St. Lucie Public Schools,Director of Financial Reporting
Alexandra Laoutas," 129,995.00 ",St. Lucie Public Schools,Middle/Junior School Principal
Michael Pierce," 129,751.59 ",Indian River County Sheriff's Office,Lieutenant
Christian Mathisen," 129,751.59 ",Indian River County Sheriff's Office,Lieutenant
Leanette Tillis," 129,751.59 ",Indian River County Sheriff's Office,Lieutenant
Christopher Locaso‑Reeve," 129,751.59 ",Indian River County Sheriff's Office,Lieutenant
Justin Moskowitz," 129,751.59 ",Indian River County Sheriff's Office,Lieutenant
David Bailey," 129,751.59 ",Indian River County Sheriff's Office,Lieutenant
Robert Haas Jr.," 129,751.59 ",Indian River County Sheriff's Office,Lieutenant
Huston Goodrich," 129,751.59 ",Indian River County Sheriff's Office,Lieutenant
James Dixon," 129,751.59 ",Indian River County Sheriff's Office,Lieutenant
Adam Vecchione," 129,751.59 ",Indian River County Sheriff's Office,Lieutenant
Michael Raia," 129,751.59 ",Indian River County Sheriff's Office,Lieutenant
Cristina Rosko," 129,747.02 ",Port St. Lucie,Sergeant
Jeremy Lewis," 129,747.02 ",Port St. Lucie,Sergeant
Jean Valentin Bello," 129,747.02 ",Port St. Lucie,Sergeant
John O’Brien," 129,689.30 ",Vero Beach,"Manager, Purchasing"
Layton Mack," 129,612.00 ",Martin County,Captain Paramedic
Jackson Saum," 129,612.00 ",Martin County,Captain Paramedic
Christopher Gruwell," 129,542.40 ",Indian River County,Emergency Ops Battalion Chief
Jessica Skowronski," 129,539.91 ",Martin County Sheriff's Office,911 Communication Manager
Clyde Dulin," 129,506.14 ",Martin County,Comprehensive Planning Administrator
Michael Bernstein," 129,367.68 ",Indian River County,Emergency Ops Battalion Chief
Chelsea Lunny," 129,354.44 ",School District of Indian River County,Elementary Guidance Counselor
Justin Lundstedt," 129,311.11 ",Martin County Sheriff's Office,Line Pilot
Michael Jolly," 129,242.62 ",Port St. Lucie,"Manager, Wastewater Operations"
Tricia Gittens-Wards," 129,102.48 ",Port St. Lucie,Sergeant
Christopher Capozzi," 129,102.48 ",Port St. Lucie,Sergeant
Jane Whitaker," 128,856.00 ",St. Lucie Public Schools,Middle/Junior School Principal
James Graham," 128,808.68 ",Port St. Lucie,Civil Engineer (P.E.)
Valarie Jones," 128,779.00 ",St. Lucie Public Schools,Elementary School Principal
Anne Bieber," 128,720.13 ",School District of Indian River County,Executive Director Academic Success
Brad Richards," 128,677.06 ",Jupiter Island,Sergeant I
Deborah Riley," 128,392.50 ",Martin County School District,Director of Student Services
Russell Norvell," 128,360.06 ",Martin County,Telecommunications Manager
Carlos Flores," 128,348.22 ",Indian River County,Architect
Shela Khanal," 128,243.10 ",Martin County School District,Director of Title I
Christopher Watson," 128,119.68 ",Stuart,Fire Rescue Battalion Chief
Edward Stagmiller," 128,104.74 ",Martin County Sheriff's Office,Chief Pilot
Jennifer Hyde," 128,038.30 ",Indian River County,Manager - Procurement
William Weinshank," 127,920.26 ",Port St. Lucie,Emergency Operations Division Director
Bryant Harrison," 127,810.28 ",Port St. Lucie,"Building Inspector, Plans Examiner IV"
Loren Hall," 127,810.28 ",Port St. Lucie,"Building Inspector, Plans Examiner IV"
Stephen Lane," 127,810.28 ",Port St. Lucie,Building Plans Examiner IV
Peter Bissonnette," 127,808.16 ",School District of Indian River County,ROTC Instructor
Joel Scher," 127,740.08 ",Vero Beach,Airport Director
Heather Bolitho," 127,728.00 ",St. Lucie Public Schools,Director of Elementary Curriculum
Keonisha Bobo," 127,728.00 ",St. Lucie Public Schools,Middle/Junior School Principal
Jaclyn Lee," 127,728.00 ",St. Lucie Public Schools,Middle/Junior School Principal
Jesse McInerney," 127,667.02 ",Port St. Lucie,Sergeant
Nelson Ojeda," 127,667.02 ",Port St. Lucie,Sergeant
Brennan Vega," 127,667.02 ",Port St. Lucie,Sergeant
Willis Tumblin," 127,667.02 ",Port St. Lucie,Sergeant
Matthew Reaver," 127,665.46 ",Port St. Lucie,Professional Engineer
Kimberly Jay," 127,639.00 ",St. Lucie Public Schools,Administrative Specialist – Assignment
Erika Lundeen," 127,600.20 ",Indian River County,Chief Plans Examiner
Jason Jeffries," 127,422.88 ",Vero Beach,"Director, Planning & Development"
Joseph Presti," 127,391.16 ",Port St. Lucie,Manager
Shyanne Harnage," 127,279.49 ",Fort Pierce,Community and Economic Development Director
Charles McCaskill," 127,227.36 ",Port St. Lucie,Data Center Manager
Laura Beaupre," 127,022.98 ",Martin County,Communications Director
John Dobek," 126,906.12 ",Jupiter Island,Public Safety Officer II
Richard Reichenbach," 126,902.88 ",Indian River County,Project Engineer
Richard Reilly," 126,859.72 ",Martin County,Deputy Library Director
Desiree Cimino," 126,788.61 ",St. Lucie County,Purchasing Manager
Ayesha Boria," 126,569.00 ",St. Lucie Public Schools,High School Principal
Brian Kerensky," 126,551.88 ",Vero Beach,Police Lieutenant 3
Reuben Dye," 126,355.76 ",St. Lucie County,GIS Manager
Marc Rogolino," 126,222.20 ",Stuart,U&E Project Manager
Roberto Santa," 126,165.56 ",St. Lucie County Fire District,Lieutenant Medic Shift
Mark Elliott," 126,165.56 ",St. Lucie County Fire District,Lieutenant Medic Shift
Jason Williams," 126,165.56 ",St. Lucie County Fire District,Lieutenant Medic Shift
Christopher Harris," 126,165.56 ",St. Lucie County Fire District,Lieutenant Medic Shift
Matthew Resch," 126,165.56 ",St. Lucie County Fire District,Lieutenant Medic Shift
Jacob Morris," 126,165.56 ",St. Lucie County Fire District,Lieutenant Medic Shift
Joseph Waters," 126,165.56 ",St. Lucie County Fire District,Lieutenant Medic Shift
Matthew Coney," 126,165.56 ",St. Lucie County Fire District,Lieutenant Medic Shift
Ryan Sapp," 126,165.56 ",St. Lucie County Fire District,Lieutenant Medic Shift
Michael Ascani," 126,165.56 ",St. Lucie County Fire District,Lieutenant Medic Shift
Matthew Amato," 126,165.56 ",St. Lucie County Fire District,Lieutenant Medic Shift
Richard Smith III," 126,165.56 ",St. Lucie County Fire District,Lieutenant Medic Shift
Darrell Chibas," 126,165.56 ",St. Lucie County Fire District,Lieutenant Medic Shift
Brian Riebe," 126,165.56 ",St. Lucie County Fire District,Lieutenant Medic Shift
Michael Farrell," 126,165.56 ",St. Lucie County Fire District,Lieutenant Medic Shift
Brian Sexton," 126,165.56 ",St. Lucie County Fire District,Lieutenant Medic Shift
Adam Zuccaro," 126,165.56 ",St. Lucie County Fire District,Lieutenant Medic Shift
Robert Smith Jr.," 126,165.56 ",St. Lucie County Fire District,Lieutenant Medic Shift
Nicholas Curry," 126,165.56 ",St. Lucie County Fire District,Lieutenant Medic Shift
Johnny Thornton," 126,165.56 ",St. Lucie County Fire District,Lieutenant Medic Shift
James Forbis," 126,165.56 ",St. Lucie County Fire District,Lieutenant Medic Shift
Erin Storey," 126,165.56 ",St. Lucie County Fire District,Lieutenant Medic Shift
John Wozar," 126,165.56 ",St. Lucie County Fire District,Lieutenant Medic Shift
Remi Dieujuste," 126,165.56 ",St. Lucie County Fire District,Lieutenant Medic Shift
Jonathan Fraga," 126,165.56 ",St. Lucie County Fire District,Lieutenant Medic Shift
Michael Dawson," 126,165.56 ",St. Lucie County Fire District,Lieutenant Medic Shift
Dorian Jackson," 126,165.56 ",St. Lucie County Fire District,Lieutenant Medic Shift
Joseph Eassa," 126,165.56 ",St. Lucie County Fire District,Lieutenant Medic Shift
Fred Griffin," 126,165.56 ",St. Lucie County Fire District,Lieutenant Medic Shift
Jeremy Rouse," 126,165.56 ",St. Lucie County Fire District,Lieutenant Medic Shift
Alberto Young," 126,165.56 ",St. Lucie County Fire District,Lieutenant Medic Shift
Colton Difrancesco," 126,165.56 ",St. Lucie County Fire District,Lieutenant Medic Shift
Anthony Hood," 126,165.56 ",St. Lucie County Fire District,Lieutenant Medic Shift
Craig Stolzer," 126,165.56 ",St. Lucie County Fire District,Lieutenant Medic Shift
Alberto Herrera," 126,165.56 ",St. Lucie County Fire District,Lieutenant Medic Shift
Irael Gamez," 126,165.56 ",St. Lucie County Fire District,Lieutenant Medic Shift
Brandon Tedder," 126,165.56 ",St. Lucie County Fire District,Lieutenant Medic Shift
Michael Battaglia," 126,165.56 ",St. Lucie County Fire District,Lieutenant Medic Shift
Daniel Ruiz," 126,165.56 ",St. Lucie County Fire District,Lieutenant Medic Shift
Colton Rudd," 126,165.56 ",St. Lucie County Fire District,Lieutenant Medic Shift
Dante Hill," 126,165.56 ",St. Lucie County Fire District,Lieutenant Medic Shift
Andrew Myers," 126,165.56 ",St. Lucie County Fire District,Lieutenant Medic Shift
Steven Dipalma," 126,165.56 ",St. Lucie County Fire District,Lieutenant Medic Shift
Bradley Cohen," 126,165.52 ",St. Lucie County Fire District,Lieutenant Medic Day
Jesus Monaco," 126,165.52 ",St. Lucie County Fire District,Lieutenant Medic Day
Albert Votinelli," 126,165.52 ",St. Lucie County Fire District,Lieutenant Medic Day
Oscar Leiva," 126,165.52 ",St. Lucie County Fire District,Lieutenant Medic Day
Christopher Bickford," 126,165.52 ",St. Lucie County Fire District,Lieutenant Medic Day
Takeisha Harris," 126,013.43 ",School District of Indian River County,Director of Human Resources
William Miller," 125,963.14 ",St. Lucie County,It Manager
Alexander Kanter," 125,689.00 ",Indian River State College,"Associate Dean of English, Philosophy & Performing Arts"
Heather Michaels," 125,689.00 ",Indian River State College,Associate Dean of Science
Nicholas Brown," 125,688.91 ",Indian River State College,Associate Dean
Rosemarie Mason," 125,688.91 ",Indian River State College,Associate Dean of Nursing
Kris Demarais," 125,688.91 ",Indian River State College,Associate Dean of Social Science and Education
Ariel Dailey," 125,587.02 ",Port St. Lucie,Sergeant
Sandra Insuasty," 125,587.02 ",Port St. Lucie,Sergeant
Dominik Savitcheff," 125,587.02 ",Port St. Lucie,Sergeant
Antronyanna Holiday," 125,587.02 ",Port St. Lucie,Sergeant
Christopher Jones," 125,557.66 ",Martin County School District,Principal Middle School
Brenda Watkins," 125,410.06 ",Martin County School District,Principal Elementary School
Kathleen Melrose," 125,357.00 ",St. Lucie Public Schools,Elementary School Principal
Ebony Jarrett," 125,357.00 ",St. Lucie Public Schools,Elementary School Principal
William French," 125,287.50 ",Indian River Shores,Assistant Fire Chief
Matthew Soyka," 125,130.46 ",Indian River County,Stormwater Engineer
James Gagliano," 125,000.20 ",Fort Pierce,Police Lieutenant
Melany Crawford," 124,999.94 ",Vero Beach,Deputy City Attorney
Lucy Scheidt," 124,995.00 ",Indian River Shores,Facilities Director
Sonji Hawkins," 124,816.64 ",St. Lucie County,Public Safety Assistant Director
Michael Oliver," 124,804.16 ",Port St. Lucie,Sergeant
Bobby Chambers," 124,801.50 ",Martin County,Chief Inspector/Plans Examiner
Christian Yanchula," 124,761.15 ",Indian River County Sheriff's Office,Lieutenant
Paul Jones," 124,615.00 ",Martin County,Captain EMT
Chandler Moore," 124,615.00 ",Martin County,Captain EMT
Mark Tatasciore," 124,615.00 ",Martin County,Captain EMT
Cliffton Williams," 124,615.00 ",Martin County,Captain EMT
Dariyall Brown," 124,544.65 ",School District of Indian River County,Principal for Alternative Education
Michael Rice," 124,508.80 ",Stuart,Police Sergeant
Crystal Nash," 124,473.73 ",Martin County Sheriff's Office,Sergeant
Joseph Angelico," 124,464.81 ",Martin County Sheriff's Office,Sergeant
William Baker," 124,464.81 ",Martin County Sheriff's Office,Sergeant / West County
Timothy Baltes Jr.," 124,464.81 ",Martin County Sheriff's Office,Sergeant / Training
Edward Brochu II," 124,464.81 ",Martin County Sheriff's Office,Sergeant
Ernest Brush III," 124,464.81 ",Martin County Sheriff's Office,Sergeant
Edward Burke IV," 124,464.81 ",Martin County Sheriff's Office,Sergeant
Patrick Colasuonno," 124,464.81 ",Martin County Sheriff's Office,Sergeant
Joseph Deckard," 124,464.81 ",Martin County Sheriff's Office,Sergeant
Daniel Foote," 124,464.81 ",Martin County Sheriff's Office,Sergeant
Jon Hanton," 124,464.81 ",Martin County Sheriff's Office,Sergeant
Daniel Hauck," 124,464.81 ",Martin County Sheriff's Office,Sergeant
Steven Hearn," 124,464.81 ",Martin County Sheriff's Office,Sergeant / Civil
William Jaques III," 124,464.81 ",Martin County Sheriff's Office,Sergeant / Marine Unit
Jason Pickering," 124,464.81 ",Martin County Sheriff's Office,Sergeant / SRO
Todd Schimelfanick," 124,464.81 ",Martin County Sheriff's Office,Sergeant / Court Services
Brian Tison," 124,464.81 ",Martin County Sheriff's Office,Sergeant
Theresa Winegard," 124,464.81 ",Martin County Sheriff's Office,Sergeant
George Yacobellis," 124,464.81 ",Martin County Sheriff's Office,Sergeant
Allen Schommer," 124,442.01 ",Martin County,Solid Waste Administrator
Christopher Suneson," 124,425.08 ",Fort Pierce,Assistant Director of Planning
Kimberly Garcia," 124,313.00 ",School District of Indian River County,Executive Director Academic Success
Glen Blackford," 124,307.98 ",Jupiter Island,Public Safety Officer I
Sheila O'Sullivan," 124,303.40 ",Indian River County,Sr. Human Resources Generalist
Scotty Beaulieu," 124,282.98 ",St. Lucie County,Project & Construction Manager
Dave Thomas," 124,273.38 ",Jupiter Island,Utility Project Manager
Heather Ricksecker," 124,217.00 ",St. Lucie Public Schools,Elementary School Principal
Christopher Forte," 124,208.58 ",Martin County School District,Principal Middle School
Donald Lesko," 124,076.16 ",Stuart,Fire Rescue Lieutenant
Rachel Finnegan," 124,018.32 ",School District of Indian River County,Principal High School
John Lamb," 123,920.68 ",Port St. Lucie,"Wastewater Treatment Operator, Manager"
Theresa Iuliucci," 123,816.00 ",St. Lucie Public Schools,Administrative Specialist – Assignment
Christopher Cummings," 123,603.35 ",School District of Indian River County,Assistant Superintendent School Leadership & Management
Brian Macnaught," 123,500.00 ",Fort Pierce,Police Lieutenant
Daniel Dulac," 123,241.32 ",Martin County Sheriff's Office,Sergeant
Garrett Lott," 123,241.32 ",Martin County Sheriff's Office,Sergeant
Tyler Ludlow," 123,241.32 ",Martin County Sheriff's Office,Sergeant
Jeffrey Read," 123,241.32 ",Martin County Sheriff's Office,Sergeant
Bradley Spencer," 123,237.63 ",Martin County Sheriff's Office,Sergeant
John Frank," 123,237.50 ",St. Lucie County,Assistant Road & Bridge Manager
Laura Holmedal," 123,218.18 ",Martin County School District,Director of Food Services
Tyler Logsdon," 123,162.00 ",Indian River County,Captain Protective Training & Safety
Chavonn Silas," 123,075.00 ",St. Lucie Public Schools,Elementary School Principal
Bryan Lloyd," 123,000.28 ",Port St. Lucie,"Division Director, Animal Control"
William Morash," 122,964.51 ",St. Lucie County Sheriff's Office,Sergeant
Benjamin Cuevas III," 122,964.51 ",St. Lucie County Sheriff's Office,Sergeant
Anta’Juan Pinkney," 122,964.51 ",St. Lucie County Sheriff's Office,Sergeant
Charla Harper," 122,964.51 ",St. Lucie County Sheriff's Office,Sergeant
Shawn Masters," 122,964.51 ",St. Lucie County Sheriff's Office,Sergeant
Jeffrey Serafini," 122,964.51 ",St. Lucie County Sheriff's Office,Sergeant
Benjamin Deblieck," 122,964.51 ",St. Lucie County Sheriff's Office,Sergeant
Matthew Dietrich," 122,964.51 ",St. Lucie County Sheriff's Office,Sergeant
James Jennings," 122,964.51 ",St. Lucie County Sheriff's Office,Sergeant
David Blatchford," 122,964.51 ",St. Lucie County Sheriff's Office,Sergeant
Carlos Betances," 122,964.51 ",St. Lucie County Sheriff's Office,Sergeant
Tonya Brown," 122,964.51 ",St. Lucie County Sheriff's Office,Sergeant
Ezell Cooper Jr.," 122,964.51 ",St. Lucie County Sheriff's Office,Sergeant
Christopher Hazellief," 122,964.51 ",St. Lucie County Sheriff's Office,Sergeant
Constant Joseph Jr.," 122,964.51 ",St. Lucie County Sheriff's Office,Sergeant
Jason Livingston," 122,964.51 ",St. Lucie County Sheriff's Office,Sergeant
Renaldo Miller," 122,964.51 ",St. Lucie County Sheriff's Office,Sergeant
Mark Phillips," 122,964.51 ",St. Lucie County Sheriff's Office,Sergeant
Aaron Wintz," 122,964.51 ",St. Lucie County Sheriff's Office,Sergeant
Timothy Jones," 122,964.51 ",St. Lucie County Sheriff's Office,Sergeant
Jennifer Keefe," 122,964.51 ",St. Lucie County Sheriff's Office,Sergeant
Edgar Lebeau III," 122,964.51 ",St. Lucie County Sheriff's Office,Sergeant
Ronald Messina," 122,964.51 ",St. Lucie County Sheriff's Office,Sergeant
William Mittwede," 122,964.51 ",St. Lucie County Sheriff's Office,Sergeant
Luke Sparkman," 122,964.51 ",St. Lucie County Sheriff's Office,Sergeant
Matthew Brewster," 122,964.51 ",St. Lucie County Sheriff's Office,Sergeant
Nathan Evans," 122,964.51 ",St. Lucie County Sheriff's Office,Sergeant
Christi Shields," 122,943.38 ",School District of Indian River County,"Director, CTE & TCTC"
Scott Miller," 122,682.89 ",St. Lucie County Fire District,Lieutenant Shift
Jerett Brown," 122,682.89 ",St. Lucie County Fire District,Lieutenant Shift
Troy Danner," 122,682.89 ",St. Lucie County Fire District,Lieutenant Shift
Wilma Almestica-Sanchez," 122,536.24 ",Martin County School District,Director of Exceptional Student Education
Todd Adrian," 122,536.24 ",Martin County School District,Director of Educational Technology
Donald Calderone," 122,536.24 ",Martin County School District,Director of Risk Management & Employee Benefits
Brian Desreuisseau," 122,536.24 ",Martin County School District,Director of Maintenance
Greg Laws," 122,536.24 ",Martin County School District,Director of Assessment & Accountability
Sherry Richardson," 122,536.24 ",Martin County School District,Director of Professional Standards & Employee Relations
Mark Sechrist," 122,536.24 ",Martin County School District,Director of Facilities
Heather Platt," 122,510.50 ",Martin County School District,Director of Professional Learning
Raquel Queen," 122,510.50 ",Martin County School District,Director of Accounting
Christopher Taylor," 122,468.17 ",School District of Indian River County,Principal Elementary School
Alexandra Bernard," 122,430.10 ",Sebastian,Community Development Director/CRA Manager
Jack Reisinger," 122,340.02 ",Sewall's Point,Building Official/PW Director
Boris Arratia," 122,190.38 ",Port St. Lucie,Executive Project Manager – S&I
Anne Murray," 122,188.52 ",Martin County,Hydrogeologist/Water Resources
Charles Tyrrell," 122,100.16 ",Port St. Lucie,"Building Inspector, Plans Examiner IV"
Tahirah Gittens-Waldron," 122,075.72 ",Port St. Lucie,Sergeant
Kenneth May," 122,009.68 ",Port St. Lucie,Telcom Systems Administrator
Martin Ghobrial," 121,873.44 ",Port St. Lucie,Police Officer
Scott Marreel," 121,873.44 ",Port St. Lucie,Police Officer
John Seeley," 121,873.44 ",Port St. Lucie,Police Officer
Robert Voegtlin," 121,873.44 ",Port St. Lucie,Police Officer
Joseph Byrne," 121,873.44 ",Port St. Lucie,Police Officer
David Goldstein," 121,873.44 ",Port St. Lucie,Police Officer
Michael Connor," 121,873.44 ",Port St. Lucie,Police Officer
Albert Sohl," 121,873.44 ",Port St. Lucie,Police Officer
Peter Chunn," 121,873.44 ",Port St. Lucie,Police Officer
Kathy Copeland," 121,852.90 ",Indian River County,Legislative Affairs & Communications Manager
Robert Michael," 121,830.98 ",School District of Indian River County,Director of Physical Plant
Cynthia Carson," 121,818.08 ",Martin County,Building Operations Administrator
Yvonne Grayson," 121,733.56 ",Port St. Lucie,Business Tax Lien Services Manager
Bryan Beavers," 121,639.70 ",Indian River County,Utilities Finance Manager
Maria Gorniewicz," 121,622.08 ",Martin County,Utilities Financial Manager
Jaime Alberti," 121,540.00 ",School District of Indian River County,"Director, Operations"
Amber Minarchick," 121,134.00 ",St. Lucie Public Schools,Director of Alternative Education
Dawn Tuttle," 121,134.00 ",St. Lucie Public Schools,Director of Exceptional Student Education
Traci McGough," 121,101.00 ",School District of Indian River County,Director of Specialized & Innovative Instruction & Supports of Innovation
Nicole Fogarty," 120,993.00 ",St. Lucie Public Schools,"Coordinator of Growth, Management and Land Acquisition"
Lisa Woolrich," 120,875.76 ",Martin County Sheriff's Office,Purchasing Manager
Tami Bowdoin," 120,866.48 ",Martin County Sheriff's Office,Records Manager
Trisha Green," 120,866.48 ",Martin County Sheriff's Office,Community Outreach Manager
Robert Keyser," 120,866.48 ",Martin County Sheriff's Office,Fleet Maintenance Manager
Wendy Roberts," 120,866.48 ",Martin County Sheriff's Office,Accreditation Manager
Maryann Verillo," 120,844.36 ",Port St. Lucie,Chief Executive Assistant
Roderick Glover," 120,819.00 ",Indian River State College,Director Emergency Management and Specialized Training Programs
Matthew Aubert," 120,644.16 ",Port St. Lucie,Sergeant
Adrienne Martella," 120,644.16 ",Port St. Lucie,Sergeant
Joseph Rathnam," 120,644.16 ",Port St. Lucie,Sergeant
Dionis Veras," 120,644.16 ",Port St. Lucie,Sergeant
Randy Ellman," 120,611.40 ",Port St. Lucie,Manager – Park Operations
Edmund Bas," 120,533.50 ",St. Lucie County,Assistant County Engineer
Jaime Thompson," 120,267.45 ",Martin County School District,Principal High School
Melora Norman," 120,245.00 ",Martin County School District,Principal Middle School
Daniel Burdett," 120,096.86 ",Port St. Lucie,"Superintendent, Water Treatment Facility"
Michael Woodside," 120,081.26 ",Stuart,Water Treatment Plant Superintendent
Christopher Beaumont," 120,032.64 ",Indian River Shores,Sergeant
Eric Sexauer," 120,000.14 ",Port St. Lucie,"Manager, CIP & Sales Tax Group"
Justin Marshall," 120,000.00 ",Indian River State College,Director of Infrastructure
David Gay," 119,993.38 ",Vero Beach,Chief Surveyor
Cherylene Fitzgerald," 119,982.20 ",Vero Beach,Principal Planner
Kevin Jaworski," 119,962.64 ",Indian River County Sheriff's Office,Lieutenant
Christopher Lester," 119,962.64 ",Indian River County Sheriff's Office,Lieutenant
Matthew Tangel," 119,962.64 ",Indian River County Sheriff's Office,Lieutenant
Kelli Pfeifle," 119,951.29 ",Martin County Sheriff's Office,Assistant Dispatch Manager
Carlo Marques," 119,808.00 ",Indian River County,Captain Protective Training & Safety
Kevin White," 119,808.00 ",Indian River County,Captain Protective Training & Safety
Stephen Cullen," 119,588.10 ",St. Lucie County Fire District,Lieutenant Medic Shift
James McCorkle," 119,588.10 ",St. Lucie County Fire District,Lieutenant Medic Shift
Grant Chambers," 119,473.54 ",St. Lucie County,Senior Project Engineer
Barbara Audette," 119,451.00 ",St. Lucie Public Schools,Payroll Coordinator
Daniel Ramos," 119,387.01 ",St. Lucie County,Community Services Assistant Director
Keandrea Davis," 119,374.58 ",Port St. Lucie,Deputy City Attorney
Adam Faust," 119,366.33 ",School District of Indian River County,Principal Elementary School
Giovanni Barbieri," 119,313.00 ",Indian River State College,Director of Institutional Projects & Community Engagement
Robert Smith," 119,237.33 ",Martin County,Chief Inspector/Plans Examiner
Makeda Brome," 119,199.00 ",St. Lucie Public Schools,Elementary School Principal
Valerie Forman," 119,199.00 ",St. Lucie Public Schools,Elementary School Principal
Carlos Camacho," 119,155.66 ",Port St. Lucie,Professional Engineer
Graham Clayburn," 119,145.00 ",Indian River County,Sr. Building Inspector/Plans Examiner
Michael Doutrich," 119,145.00 ",Indian River County,Sr. Building Inspector/Plans Examiner
John Martin," 119,142.40 ",Stuart,Police Sergeant
Richard Serra," 119,142.40 ",Stuart,Police Sergeant
Patrick Walther," 119,050.10 ",Indian River County,Project Engineer
Jodi Cheslock," 118,867.84 ",St. Lucie County,Criminal Justice Attorney
James Thimmer," 118,810.64 ",School District of Indian River County,Principal Middle School
Bret Lagrega," 118,753.44 ",Port St. Lucie,Police Officer
Darren Lidbetter," 118,753.44 ",Port St. Lucie,Police Officer
Gerard Harrington," 118,753.44 ",Port St. Lucie,Police Officer
Alexis Corona," 118,753.44 ",Port St. Lucie,Police Officer
Richard Giaccone," 118,753.44 ",Port St. Lucie,Police Officer
Carl Durbin," 118,753.44 ",Port St. Lucie,Police Officer
Russell Jackson," 118,753.44 ",Port St. Lucie,Police Officer
William Harris," 118,753.44 ",Port St. Lucie,Police Officer
Eugene Gibbins," 118,753.44 ",Port St. Lucie,Police Officer
Cory Hulings," 118,753.44 ",Port St. Lucie,Police Officer
Joshua Peto," 118,753.44 ",Port St. Lucie,Police Officer
Shannon Moreland," 118,753.44 ",Port St. Lucie,Police Officer
Steven Camara," 118,753.44 ",Port St. Lucie,Police Officer
Albert Riccardi," 118,753.44 ",Port St. Lucie,Police Officer
Ryan Lodwick," 118,753.44 ",Port St. Lucie,Police Officer
Mitchel Miller," 118,753.44 ",Port St. Lucie,Police Officer
James Jones," 118,753.44 ",Port St. Lucie,Police Officer
Michael Casey," 118,753.44 ",Port St. Lucie,Police Officer
Robert O'Hara," 118,753.44 ",Port St. Lucie,Police Officer
Fred Knaggs," 118,753.44 ",Port St. Lucie,Police Officer
James Luongo," 118,753.44 ",Port St. Lucie,Police Officer
Francisco Rodriguez," 118,753.44 ",Port St. Lucie,Police Officer
Alan Ludmerer," 118,753.44 ",Port St. Lucie,Police Officer
Suzannie Moore-Fleites," 118,753.44 ",Port St. Lucie,Police Officer
Jon Squitieri," 118,753.44 ",Port St. Lucie,Police Officer
Jermaine Singleton," 118,753.44 ",Port St. Lucie,Police Officer
Dean Herzog," 118,753.44 ",Port St. Lucie,Police Officer
Robert Penney," 118,753.44 ",Port St. Lucie,Police Officer
Amanda McCarty-Kosinski," 118,753.44 ",Port St. Lucie,Police Officer
Michael Bianco," 118,753.44 ",Port St. Lucie,Police Officer
Janet Palmer," 118,753.18 ",Port St. Lucie,Sergeant
Constonya Freeman," 118,753.18 ",Port St. Lucie,Sergeant
Kristin Meyer," 118,753.18 ",Port St. Lucie,Sergeant
Nathanial Penney," 118,753.18 ",Port St. Lucie,Sergeant
Neil Schillinger," 118,716.42 ",St. Lucie County,Facilities Assistant Director
Ramon Echeverria," 118,660.78 ",School District of Indian River County,Principal Elementary School
Dustin Boorman," 118,615.72 ",Jupiter Island,Public Safety Officer IIB
Maria Suarez‑Sanchez," 118,614.34 ",Fellsmere,City Clerk
Erika Venazio," 118,564.16 ",Port St. Lucie,Sergeant
Timothy Herring," 118,564.16 ",Port St. Lucie,Sergeant
Michael Williams," 118,564.16 ",Port St. Lucie,Sergeant
Buteau Morestant," 118,564.16 ",Port St. Lucie,Sergeant
Edward Griffith," 118,564.16 ",Port St. Lucie,Sergeant
Vanessa Gonzalez," 118,529.45 ",School District of Indian River County,Principal Elementary School
Letitia Whitfield," 118,449.63 ",School District of Indian River County,Principal Elementary School
Jeffery Bushman," 118,411.00 ",Martin County,Lieutenant
Dylan Caulfield," 118,411.00 ",Martin County,Lieutenant
Daniel Degrazia," 118,411.00 ",Martin County,Lieutenant
Jesse Ford," 118,411.00 ",Martin County,Lieutenant
Brooks Gobler," 118,411.00 ",Martin County,Lieutenant
Derrick Madden," 118,411.00 ",Martin County,Lieutenant
Jose Monteagudo," 118,411.00 ",Martin County,Lieutenant
Desiderio Montes," 118,411.00 ",Martin County,Lieutenant
Tyler Moyher," 118,411.00 ",Martin County,Lieutenant
Melinda Price," 118,411.00 ",Martin County,Lieutenant
Cory Richter," 118,411.00 ",Martin County,Lieutenant
Peter Satur Jr.," 118,411.00 ",Martin County,Lieutenant
Tyler Topping," 118,411.00 ",Martin County,Lieutenant
Charles Tucker," 118,411.00 ",Martin County,Lieutenant
Joseph Cimino," 118,410.56 ",St. Lucie County,Senior Network Administrator
Timothy Harrison," 118,378.87 ",Martin County,USD SCADA Administrator
Kimberly Kogos," 118,333.73 ",Jupiter Island,Town Clerk
Casandra Flores," 118,310.58 ",School District of Indian River County,Coordinator of Career and Technical Education
Rahshard Morgan," 118,255.20 ",School District of Indian River County,Principal Middle School
Dana Pallaria," 118,245.00 ",Martin County School District,Principal Middle School
Tiffany Roth," 118,245.00 ",Martin County School District,Principal Middle School
Lauren Rabener," 118,186.00 ",Martin County School District,Principal Elementary School
Roseanna Rynca," 118,186.00 ",Martin County School District,Principal Elementary School
Sarah Tuthill," 118,186.00 ",Martin County School District,Principal Elementary School
Ja’Net Vercillo," 118,110.72 ",St. Lucie County,IT Manager
Andrew Connolly," 118,000.00 ",Martin County School District,Principal High School
Carl Trabulsy," 117,964.50 ",St. Lucie County Fire District,Staff Accountant
Scott Johnson," 117,847.34 ",Indian River County,Webmaster
R. Frederick Woltjen III," 117,806.00 ",St. Lucie Public Schools,Assistant High School Principal
Mark Cocco," 117,717.36 ",Martin County School District,Safety Manager
Timothy Fulston," 117,669.39 ",St. Lucie County Sheriff's Office,Sergeant
Jeffrey Schoner," 117,669.39 ",St. Lucie County Sheriff's Office,Sergeant
Lasolomon Archie," 117,669.39 ",St. Lucie County Sheriff's Office,Sergeant
Marcus Sigmon," 117,669.39 ",St. Lucie County Sheriff's Office,Sergeant
Daniel Lafleur," 117,669.39 ",St. Lucie County Sheriff's Office,Sergeant
Matthew Wright," 117,669.39 ",St. Lucie County Sheriff's Office,Sergeant
Anthony Martens," 117,669.39 ",St. Lucie County Sheriff's Office,Sergeant
Mintosha Jones," 117,642.35 ",School District of Indian River County,Principal Elementary School
James Knott," 117,601.64 ",Port St. Lucie,CRA Executive Project Manager
Thomas Fox," 117,586.56 ",Indian River County,Captain Fire‑Medic
Mario Henderson," 117,586.56 ",Indian River County,Captain Fire‑Medic
Jason Judson," 117,586.56 ",Indian River County,Captain Fire‑Medic
Tyler Parker," 117,586.56 ",Indian River County,Captain Fire‑Medic
Richard Bartholomew," 117,585.00 ",Port St. Lucie,Deputy Building Official
Rodney Dewson," 117,579.82 ",St. Lucie County Fire District,Firefighter Paramedic Shift
Jose Rosario Jr.," 117,579.82 ",St. Lucie County Fire District,Firefighter Paramedic Shift
Robert Schooley," 117,579.82 ",St. Lucie County Fire District,Firefighter Paramedic Shift
Yvon Paiement," 117,579.82 ",St. Lucie County Fire District,Firefighter Paramedic Shift
Rob Newman," 117,579.82 ",St. Lucie County Fire District,Firefighter Paramedic Shift
Cody Hogan," 117,579.82 ",St. Lucie County Fire District,Firefighter Paramedic Shift
Meradeth Smith," 117,579.82 ",St. Lucie County Fire District,Firefighter Paramedic Shift
Allen Civita," 117,579.82 ",St. Lucie County Fire District,Firefighter Paramedic Shift
Terry Gardner Jr.," 117,579.82 ",St. Lucie County Fire District,Firefighter Paramedic Shift
Eric Wright," 117,579.82 ",St. Lucie County Fire District,Firefighter Paramedic Shift
Bryan Sasso," 117,579.82 ",St. Lucie County Fire District,Firefighter Paramedic Shift
Kenneth Salyers," 117,579.82 ",St. Lucie County Fire District,Firefighter Paramedic Shift
Joseph Del Valle," 117,579.82 ",St. Lucie County Fire District,Firefighter Paramedic Shift
Matthew Johnson," 117,579.82 ",St. Lucie County Fire District,Firefighter Paramedic Shift
Richard Lindsay Jr.," 117,579.82 ",St. Lucie County Fire District,Firefighter Paramedic Shift
Kyle Richard," 117,579.82 ",St. Lucie County Fire District,Firefighter Paramedic Shift
Richard Martyka," 117,579.82 ",St. Lucie County Fire District,Firefighter Paramedic Shift
Douglas Sweeney," 117,579.82 ",St. Lucie County Fire District,Firefighter Paramedic Shift
Jared Rinker," 117,579.82 ",St. Lucie County Fire District,Firefighter Paramedic Shift
Phillip Pool," 117,579.82 ",St. Lucie County Fire District,Firefighter Paramedic Shift
Jared Odom," 117,579.82 ",St. Lucie County Fire District,Firefighter Paramedic Shift
Michael Brandt," 117,579.82 ",St. Lucie County Fire District,Firefighter Paramedic Shift
Eric Ballard," 117,579.82 ",St. Lucie County Fire District,Firefighter Paramedic Shift
Jason Whiteside," 117,579.82 ",St. Lucie County Fire District,Firefighter Paramedic Shift
Edward Doonan," 117,579.82 ",St. Lucie County Fire District,Firefighter Paramedic Shift
Aaron Luther," 117,579.82 ",St. Lucie County Fire District,Firefighter Paramedic Shift
Tat Choi," 117,579.82 ",St. Lucie County Fire District,Firefighter Paramedic Shift
William Crittenden," 117,579.82 ",St. Lucie County Fire District,Firefighter Paramedic Shift
Benn Francoeur," 117,579.82 ",St. Lucie County Fire District,Firefighter Paramedic Shift
Christopher Marton," 117,579.82 ",St. Lucie County Fire District,Firefighter Paramedic Shift
Serge Greene," 117,579.82 ",St. Lucie County Fire District,Firefighter Paramedic Shift
Justin Smith," 117,579.82 ",St. Lucie County Fire District,Paramedic/Engineer Shift
Mitchell Farrell," 117,579.82 ",St. Lucie County Fire District,Firefighter Paramedic Shift
John Moriarty III," 117,579.82 ",St. Lucie County Fire District,Firefighter Paramedic Shift
Cassandra Laing," 117,579.82 ",St. Lucie County Fire District,Firefighter Paramedic Shift
Robert Mancuso," 117,579.82 ",St. Lucie County Fire District,Firefighter Paramedic Shift
Michael Coffey," 117,579.82 ",St. Lucie County Fire District,Firefighter Paramedic Shift
Ryan Lucy," 117,579.82 ",St. Lucie County Fire District,Firefighter Paramedic Shift
Duane Fenn," 117,579.82 ",St. Lucie County Fire District,Firefighter Paramedic Shift
Ryan Maples," 117,579.82 ",St. Lucie County Fire District,Firefighter Paramedic Shift
Lawrence Atwell," 117,579.82 ",St. Lucie County Fire District,Firefighter Paramedic Shift
Soneath Sao," 117,579.82 ",St. Lucie County Fire District,Firefighter Paramedic Shift
Jasper Snead," 117,579.82 ",St. Lucie County Fire District,Firefighter Paramedic Shift
Julie Duco," 117,579.82 ",St. Lucie County Fire District,Firefighter Paramedic Shift
Thomas Maher," 117,579.82 ",St. Lucie County Fire District,Firefighter Paramedic Shift
Jason Alvarez," 117,579.82 ",St. Lucie County Fire District,Firefighter Paramedic Shift
Glenn Wiles," 117,579.82 ",St. Lucie County Fire District,Firefighter Paramedic Shift
Joshua Burns," 117,579.82 ",St. Lucie County Fire District,Firefighter Paramedic Shift
Douglas Wile," 117,579.70 ",St. Lucie County Fire District,Firefighter/Paramedic Days
Chad Gallagher," 117,579.70 ",St. Lucie County Fire District,Firefighter/Paramedic Days
Justin Guercio," 117,579.70 ",St. Lucie County Fire District,Firefighter/Paramedic Days
Eric Senecal," 117,579.70 ",St. Lucie County Fire District,Firefighter/Paramedic Days
Latoya Young," 117,579.70 ",St. Lucie County Fire District,Firefighter/Paramedic Days
Dylan Seifert," 117,579.70 ",St. Lucie County Fire District,Firefighter/Paramedic Days
Michael Rivas," 117,579.70 ",St. Lucie County Fire District,Firefighter/Paramedic Days
Riley Ware," 117,579.70 ",St. Lucie County Fire District,Firefighter/Paramedic Days
Justin Crowe," 117,579.07 ",St. Lucie County Fire District,Paramedic/Engineer Shift
Eric Potter," 117,579.07 ",St. Lucie County Fire District,Paramedic/Engineer Shift
Craig Stokes," 117,579.07 ",St. Lucie County Fire District,Paramedic/Engineer Shift
Edward Hill," 117,579.07 ",St. Lucie County Fire District,Paramedic/Engineer Shift
Travis Owen," 117,579.07 ",St. Lucie County Fire District,Paramedic/Engineer Shift
Justin Center," 117,579.07 ",St. Lucie County Fire District,Paramedic/Engineer Shift
Dan Miller," 117,579.07 ",St. Lucie County Fire District,Paramedic/Engineer Shift
Andrew Fowler," 117,579.07 ",St. Lucie County Fire District,Paramedic/Engineer Shift
Matthew Ernst," 117,579.07 ",St. Lucie County Fire District,Paramedic/Engineer Shift
Robert Thomas," 117,579.07 ",St. Lucie County Fire District,Paramedic/Engineer Shift
Bradley Roberts," 117,579.07 ",St. Lucie County Fire District,Paramedic/Engineer Shift
Steven Harnage," 117,579.07 ",St. Lucie County Fire District,Paramedic/Engineer Shift
Jason Diamond," 117,579.07 ",St. Lucie County Fire District,Paramedic/Engineer Shift
Samuel Greene," 117,579.07 ",St. Lucie County Fire District,Paramedic/Engineer Shift
Joshua Kurth," 117,579.07 ",St. Lucie County Fire District,Paramedic/Engineer Shift
Donald Herchenroder," 117,579.07 ",St. Lucie County Fire District,Paramedic/Engineer Shift
Brandon Varney," 117,579.07 ",St. Lucie County Fire District,Paramedic/Engineer Shift
Sheldon Brister," 117,579.07 ",St. Lucie County Fire District,Paramedic/Engineer Shift
Andrea Irvine," 117,579.07 ",St. Lucie County Fire District,Paramedic/Engineer Shift
Brian Roberts," 117,579.07 ",St. Lucie County Fire District,Paramedic/Engineer Shift
Jason Jamerson," 117,579.07 ",St. Lucie County Fire District,Paramedic/Engineer Shift
Robert Hoffman," 117,579.07 ",St. Lucie County Fire District,Paramedic/Engineer Shift
William Bryant," 117,579.07 ",St. Lucie County Fire District,Paramedic/Engineer Shift
Logan Blake," 117,579.07 ",St. Lucie County Fire District,Paramedic/Engineer Shift
Brian Solberg," 117,579.07 ",St. Lucie County Fire District,Paramedic/Engineer Shift
John Duran," 117,579.07 ",St. Lucie County Fire District,Paramedic/Engineer Shift
Tristen Trefelner," 117,579.07 ",St. Lucie County Fire District,Paramedic/Engineer Shift
Michael Loveday," 117,521.82 ",Indian River County,Manager – Water/Wastewater Operations
Dana Markowitz," 117,474.00 ",St. Lucie Public Schools,Middle/Junior School Principal
Joy Griffin," 117,422.34 ",School District of Indian River County,Principal Middle School
Justin Doyle," 117,372.67 ",Martin County Sheriff's Office,Sergeant
Lindsay Haw," 117,372.14 ",Martin County Sheriff's Office,Sergeant / SRO Unit
Erin Spencer," 117,372.14 ",Martin County Sheriff's Office,Sergeant
Yoonjae Yun," 117,372.14 ",Martin County Sheriff's Office,Sergeant / Internal Affairs
Andrew Wentz," 117,267.07 ",St. Lucie County,Chief Building Inspector
Chad Herzog," 117,204.88 ",Stuart,Field Services Manager
Lisa Slover," 117,192.00 ",St. Lucie Public Schools,Administrative Specialist
Tammy Grieve," 117,180.96 ",Port St. Lucie,Payroll Division Manager
Andrea Popwell," 117,165.00 ",St. Lucie Public Schools,Assistant High School Principal
Justin Knott," 117,042.13 ",Indian River County Sheriff's Office,Lieutenant
Mathieu Zincir," 117,042.13 ",Indian River County Sheriff's Office,Lieutenant
Creg Morgan," 116,918.89 ",Martin County,Chief Inspector/Plans Examiner
Christopher Wade," 116,906.25 ",Sewall's Point,Police Lieutenant
Tanyi Grimm," 116,899.34 ",Martin County,Deputy Director of HR & Risk
Wesley Armstrong," 116,877.80 ",Port St. Lucie,"Deputy Director, NSD"
Larue Griffin," 116,877.80 ",Port St. Lucie,Utility Systems Tech Operations Manager
Carly Athanasatos Fabien," 116,851.54 ",Port St. Lucie,Deputy City Attorney
Nicole Rathnaw," 116,779.15 ",Martin County School District,Assistant Principal Middle School
Jennifer Garrity," 116,726.27 ",St. Lucie County,Budget Manager
Christopher Kohlstedt," 116,642.35 ",School District of Indian River County,Principal Special Ed School
Nicholas Westenberger," 116,572.83 ",School District of Indian River County,Director Facilities Planning & Support Services
Matthew Bobier," 116,563.72 ",Port St. Lucie,Cloud Services Manager
Keith Bradshaw," 116,541.10 ",Port St. Lucie,Golf Course Administrator
Robyn Holder," 116,500.54 ",Port St. Lucie,Senior Procurement Contracting Officer
David Cuti," 116,500.02 ",Fort Pierce,Police Lieutenant
John Fasanello," 116,500.02 ",Fort Pierce,Police Lieutenant
Kyle Maccarthy," 116,500.02 ",Fort Pierce,Police Lieutenant
Onese Rene," 116,500.02 ",Fort Pierce,Police Lieutenant
Jeramy Keen," 116,464.30 ",School District of Indian River County,Principal
Michael Defrank," 116,359.88 ",Stuart,Technology Services Assistant Director
Scott Newsom," 116,234.82 ",Fellsmere,Lieutenant
Dongyu Frankel," 116,199.72 ",Port St. Lucie,Cloud Services Administrator
Clinton Blankenship Jr.," 116,122.17 ",Martin County Sheriff's Office,Deputy Sheriff - Aviation
Thomas Salvador," 116,118.60 ",Port St. Lucie,"Manager, CIP & Sales Tax Group"
Dallis Jenkins," 116,060.88 ",Vero Beach,"Manager, Field Operations"
Jaimee Cass," 116,027.34 ",Port St. Lucie,Assessment & Property Tax Manager
Karen Malits," 115,961.14 ",School District of Indian River County,Executive Director of Title Programs
Cristina Smith," 115,947.62 ",Martin County School District,Principal Elementary School
Daniel Visconti," 115,944.19 ",Fort Pierce,"Director, Golf Course"
Bruce Sloan," 115,928.02 ",Port St. Lucie,Chief Plant Operator
Matthew Boettcher," 115,928.02 ",Port St. Lucie,Building Construction Inspector II
Daniel Hainey," 115,851.58 ",Sebastian,Deputy Building Official
Scott Meagher," 115,810.50 ",Port St. Lucie,Manager – Electric Systems/Maintenance/Safety – USD
Gustavo Vergara," 115,759.02 ",Indian River County,Assistant Director Parks & Rec
William Bickley Jr.," 115,695.00 ",St. Lucie Public Schools,Elementary School Principal
John Keelor," 115,695.00 ",St. Lucie Public Schools,Elementary School Principal
Zachary Portwood," 115,689.08 ",Indian River County,Info Systems & Telecommunications Manager
Peter Lee," 115,566.00 ",Indian River State College,Senior Director of Auxiliary Services
Kevin Burge," 115,500.06 ",Fellsmere,Utility Director
Kimberly Warren," 115,500.06 ",Fellsmere,Director of Finance
Mark Zrallack," 115,500.00 ",Fort Pierce,City Engineer
Janice Cizek," 115,500.00 ",Martin County School District,Assistant Principal High School
Selena Griffett," 115,485.50 ",Fort Pierce,Engineering Project Manager
John Kelly," 115,395.28 ",Vero Beach,Manager Maintenance & Asset Management
Ivan Rivas ," 115,354.00 ",Martin County,Captain Paramedic
John Clark," 115,348.69 ",Indian River County Sheriff's Office,Lieutenant
Robert Sunkel," 115,348.69 ",Indian River County Sheriff's Office,Lieutenant
Terrence Brown," 115,348.69 ",Indian River County Sheriff's Office,Lieutenant
Patrick Loiseau," 115,348.69 ",Indian River County Sheriff's Office,Lieutenant
David Garland," 115,330.28 ",Port St. Lucie,Professional Engineer
Ruth Spires," 115,304.00 ",Martin County School District,Director of Transportation
Mark Lynch ," 115,272.19 ",Martin County,Parks Superintendent
Susanna Deutsch," 115,245.00 ",Martin County School District,Principal Elementary School
Peter Kaufman," 115,215.87 ",St. Lucie County,Chief Plans Examiner
Diane Astrella," 115,197.94 ",Port St. Lucie,Police Officer
Fatima Barrera," 115,197.94 ",Port St. Lucie,Police Officer
Billy Henson," 115,193.00 ",Port St. Lucie,Executive Project Manager
Jodi Lyke," 115,030.03 ",St. Lucie County Fire District,Telecom Training Supervisor
Todd Burdick," 115,000.08 ",Port St. Lucie,General Operations Manager BMX Track
Stephen Menard," 115,000.08 ",Indian River County,Neighborhood Planning Manager
Delfanie Tyler," 115,000.00 ",St. Lucie County,Risk Manager
Sean Caruana ," 115,000.00 ",Martin County,ITS Infrastructure Manager
Eric Henik," 114,887.00 ",St. Lucie Public Schools,Coordinator of Building Services
Daniel Dalia," 114,762.44 ",Port St. Lucie,Police Officer
Bradley Kmetz," 114,753.60 ",Vero Beach,Master Sergeant (Detective)
Marsha Commond," 114,607.22 ",Fort Pierce,Special Projects Coordinator
Darryl Deleeuw," 114,607.20 ",Martin County,Environmental Administrator
Clifton Beuttell," 114,391.68 ",Indian River County,Captain Fire‑Medic
Ryan Cappelen," 114,391.68 ",Indian River County,Captain Fire‑Medic
Jennifer MacKinnon," 114,342.54 ",Indian River County,Chief Life Safety Plans Examiner
Elizabeth Zsoka," 114,255.96 ",Port St. Lucie,Executive Project Manager – Community Outreach
Trisha Elliott," 114,216.56 ",Martin County School District,Principal Elementary School
Patrick Murphy," 114,168.60 ",Indian River County,Chief Planner
Lee Plourde," 114,085.14 ",Sebastian,Public Works Director
Jeffrey Coleman," 114,034.18 ",Stuart,Utilities Asset & Sanitation Manager
Joseph Calderone," 114,004.80 ",Stuart,Police Sergeant
Danessa Chambers," 113,998.56 ",Vero Beach,City Engineer
Jennifer Michels," 113,903.64 ",Martin County School District,Principal Elementary School
Lori Desreuisseau," 113,876.09 ",Martin County School District,Assistant Principal High School
Kimberly Copeman," 113,730.03 ",School District of Indian River County,Director of Finance
Ryanne Powers-Cavo," 113,505.60 ",Stuart,Paralegal
Sara Walker," 113,461.19 ",Martin County,Human Resources Administrator
Mitchell Mclaren," 113,426.14 ",St. Lucie County Fire District,Network Services & Customer Support
Derek Nicolette," 113,426.14 ",St. Lucie County Fire District,Network Services & Customer Support
Michael Grace," 113,426.14 ",St. Lucie County Fire District,Network Services & Customer Support
Andrew Willmore," 113,353.59 ",St. Lucie County Fire District,Lieutenant Medic Shift
Robert Hall," 113,353.59 ",St. Lucie County Fire District,Lieutenant Medic Shift
Trevor Seegott," 113,353.59 ",St. Lucie County Fire District,Lieutenant Medic Shift
Michael Florio," 113,272.22 ",Indiantown,Financial Services Director
Vladimir Sidorov," 113,205.00 ",St. Lucie Public Schools,Information Technology Services Network Systems Analyst II
Gelencia Carter," 113,176.70 ",Fort Pierce,"Manager, Purchasing"
Christopher Carpenter," 113,138.22 ",Indian River County,SCADA Coordinator
Mark Colbert," 113,077.80 ",Martin County School District,Teacher JROTC
Suzanne Parsons," 113,060.00 ",Indian River State College,Office of the President Executive Manager
Carlos Arredondo," 113,029.00 ",Martin County,Firefighter Paramedic Driver Engineer
Christopher Bradley," 113,029.00 ",Martin County,Firefighter Paramedic Driver Engineer
Jeremy Browning," 113,029.00 ",Martin County,Firefighter Paramedic Driver Engineer
Paul Chagnon," 113,029.00 ",Martin County,Firefighter Paramedic Driver Engineer
Daniel Cheston," 113,029.00 ",Martin County,Firefighter Paramedic Driver Engineer
Brian Greenaway," 113,029.00 ",Martin County,Firefighter Paramedic Driver Engineer
Gary Herman," 113,029.00 ",Martin County,Firefighter Paramedic Driver Engineer
Kyle Kirkland," 113,029.00 ",Martin County,Firefighter Paramedic Driver Engineer
Paul Moyer," 113,029.00 ",Martin County,Firefighter Paramedic Driver Engineer
Chad Osterhoudt," 113,029.00 ",Martin County,Firefighter Paramedic Driver Engineer
Adam Ryan," 113,029.00 ",Martin County,Firefighter Paramedic Driver Engineer
Ryan Wolf," 113,029.00 ",Martin County,Firefighter Paramedic Driver Engineer
Daniel Acosta," 112,999.90 ",Sebastian,Human Resources Director
Wendy Swindell," 112,934.38 ",Indian River County,Assistant Director of Lands & Special Projects
Felice Bagley," 112,928.83 ",School District of Indian River County,Principal Elementary School
Leroy Ehret," 112,794.24 ",Stuart,Fire Medic
Alex Ginossi," 112,794.24 ",Stuart,Fire Medic
Derek Wallace," 112,794.24 ",Stuart,Fire Medic
Gary Sparks," 112,622.63 ",Martin County School District,Principal Alternative School
Alex Oge," 112,604.00 ",St. Lucie Public Schools,Assistant High School Principal
David Dionisio," 112,602.29 ",St. Lucie County Sheriff's Office,Sergeant
Christopher Jadin," 112,602.29 ",St. Lucie County Sheriff's Office,Sergeant
Luke Crisafi," 112,602.29 ",St. Lucie County Sheriff's Office,Sergeant
John Whitaker," 112,602.29 ",St. Lucie County Sheriff's Office,Sergeant
Bryan Saliba," 112,602.29 ",St. Lucie County Sheriff's Office,Sergeant
Tanya Singley," 112,602.29 ",St. Lucie County Sheriff's Office,Sergeant
Jason Coppock," 112,577.07 ",Jupiter Island,Assistant Director Public Works
Diego Combe," 112,499.92 ",Fort Pierce,Police Lieutenant
Brandon Nicklow," 112,483.00 ",St. Lucie Public Schools,Maintenance HVAC Controls Manager
Karen Logue," 112,481.46 ",Fort Pierce,Chief Accountant
Andrew Holsinger," 112,419.30 ",Martin County Sheriff's Office,Assistant Manager
Robert Riskin," 112,416.40 ",School District of Indian River County,Principal High School
John Bettineschi," 112,339.72 ",Martin County Sheriff's Office,Systems Administrator
Teah Baker," 112,334.98 ",St. Lucie County,Human Resources Manager
Louisa Saget," 112,308.00 ",St. Lucie Public Schools,Middle/Junior School Principal
Russell Ader," 112,248.00 ",St. Lucie Public Schools,Elementary School Principal
James Cass," 112,222.50 ",Indian River County,Lieutenant Admin
Sarah Mallonee," 112,068.94 ",Indian River State College,Professor
Bryan Reuther," 112,068.94 ",Indian River State College,Professor
Joseph Palencik," 112,068.94 ",Indian River State College,Professor
Kimberly Milner," 112,068.94 ",Indian River State College,Professor
John Southall," 112,068.94 ",Indian River State College,Professor
Kimberly Zgonc," 112,068.94 ",Indian River State College,Professor
Teena‑Louise White," 112,068.94 ",Indian River State College,Professor
Beverly Solesky," 112,068.94 ",Indian River State College,Professor
Peggy Russell," 112,068.94 ",Indian River State College,Professor
Robin Willoughby," 112,068.94 ",Indian River State College,Professor
Patchara Pongam," 112,068.94 ",Indian River State College,Professor
Steven Hammer," 112,068.94 ",Indian River State College,Professor
Tom D’Elia," 112,068.94 ",Indian River State College,Professor
Kyle Bartow," 112,068.94 ",Indian River State College,Professor
Robert Lowery," 112,068.94 ",Indian River State College,Professor
Nikia Robinson," 112,068.94 ",Indian River State College,Professor
Matthew Brooks," 112,068.94 ",Indian River State College,Professor
John Carpenter," 112,068.94 ",Indian River State College,Professor
Jonathan Glover," 112,068.94 ",Indian River State College,Professor
James Jeffers," 112,068.94 ",Indian River State College,Professor
Patrick Dyer," 112,068.94 ",Indian River State College,Professor
Heather Adams," 112,068.94 ",Indian River State College,Professor
Jared Kinggard," 112,068.94 ",Indian River State College,Professor
Karen Mills," 112,068.94 ",Indian River State College,Professor
Rita Lindsay," 112,068.94 ",Indian River State College,Professor
Donald Bryant," 112,068.94 ",Indian River State College,Professor
Sarah Wyatt," 112,068.94 ",Indian River State College,Professor
Paul Horton," 112,068.94 ",Indian River State College,Professor
John Donohue," 112,068.94 ",Indian River State College,Professor
Herbert Ricardo," 112,068.94 ",Indian River State College,Professor
Christopher McChesney," 112,068.94 ",Indian River State College,Professor
Ronald Carlson," 112,068.94 ",Indian River State College,Professor
Angie Bailey," 112,068.94 ",Indian River State College,Professor
Bodi Anderson," 112,068.94 ",Indian River State College,Professor
Debra Crowell," 112,068.94 ",Indian River State College,Professor
Lisa Mosing," 112,068.94 ",Indian River State College,Professor
Barbara Fuller," 112,068.94 ",Indian River State College,Professor
Maria Davis," 112,068.94 ",Indian River State College,Professor
Dean Wagstaffe," 112,068.94 ",Indian River State College,Professor
Monique Moleon‑Mathews," 112,068.94 ",Indian River State College,Professor
Samuel Mikhail," 112,068.94 ",Indian River State College,Professor
Meghan Probstfield," 112,068.94 ",Indian River State College,Professor
Michelle Carrigan," 112,068.94 ",Indian River State College,Professor
Alexander Shelby," 112,068.94 ",Indian River State College,Professor
Keara Sodano," 112,068.94 ",Indian River State College,Professor
Alisa Brown," 112,068.94 ",Indian River State College,Counselor
Daniella Margetic," 111,815.08 ",Port St. Lucie,Deputy City Attorney
James Edwards," 111,783.51 ",Martin County Sheriff's Office,Sergeant
Samuel Kimmel," 111,783.51 ",Martin County Sheriff's Office,Sergeant
Miguel Novoa Jr.," 111,783.51 ",Martin County Sheriff's Office,Sergeant / Transportation
Michael Coccaro," 111,777.05 ",Martin County Sheriff's Office,Sergeant
Henry Mogler," 111,777.05 ",Martin County Sheriff's Office,Sergeant / East County
David Watler," 111,777.05 ",Martin County Sheriff's Office,Sergeant
Alexis Carlson," 111,716.52 ",Indian River State College,Librarian
Anne Savastano," 111,716.52 ",Indian River State College,Counselor
Deanna Miller," 111,716.52 ",Indian River State College,Associate Professor
Charles Adams," 111,709.00 ",Martin County,Lieutenant
Steven Carrasquilla," 111,709.00 ",Martin County,Lieutenant
Jordan Feck," 111,709.00 ",Martin County,Lieutenant
Luis Gonzalez," 111,709.00 ",Martin County,Lieutenant
Brett Harry," 111,709.00 ",Martin County,Lieutenant
Jonathon Otero," 111,709.00 ",Martin County,Lieutenant
Drew Robidoux," 111,709.00 ",Martin County,Lieutenant
Kelvin Smith," 111,709.00 ",Martin County,Lieutenant
William Cheer," 111,696.00 ",Indian River County,Sr. Building Inspector/Plans Examiner
Robert Brink," 111,642.44 ",Port St. Lucie,Police Officer
Robert Maier," 111,642.44 ",Port St. Lucie,Police Officer
Clifford Dean," 111,642.44 ",Port St. Lucie,Police Officer
Benjamin Gaspar," 111,642.44 ",Port St. Lucie,Police Officer
David Petry," 111,642.44 ",Port St. Lucie,Police Officer
Benjamin Thayer," 111,642.44 ",Port St. Lucie,Police Officer
Kevin O'Hea," 111,642.44 ",Port St. Lucie,Police Officer
Jeffrey Lovett," 111,564.96 ",Port St. Lucie,Deputy Director – Operations
Emma Schambach," 111,564.96 ",Port St. Lucie,Deputy City Attorney
Kurt Steffen," 111,564.18 ",Indian River County,Plant Supervisor
Sean Hollander," 111,449.89 ",St. Lucie County Fire District,Firefighter Paramedic Shift
Antonio Conte," 111,449.89 ",St. Lucie County Fire District,Firefighter Paramedic Shift
Edgar Bernier," 111,449.89 ",St. Lucie County Fire District,Firefighter Paramedic Shift
Robert Demski," 111,449.89 ",St. Lucie County Fire District,Firefighter Paramedic Shift
Nicholas Yoder," 111,449.89 ",St. Lucie County Fire District,Firefighter Paramedic Shift
Lauren Barclay," 111,449.89 ",St. Lucie County Fire District,Firefighter Paramedic Shift
Jason Miller," 111,449.40 ",St. Lucie County Fire District,Paramedic/Engineer Shift
Katherine Kaltenbach," 111,449.40 ",St. Lucie County Fire District,Paramedic/Engineer Shift
Jeffrey Power," 111,424.04 ",Port St. Lucie,Safety & Claims Administrator
Patricia Gascoigne," 111,385.00 ",St. Lucie Public Schools,Assistant Middle/Junior School Principal
Richard Blankenship," 111,307.04 ",Sebastian,Parks & Recreation Director
Jennifer Smith," 111,307.04 ",Sebastian,Assistant Finance Director
Craig Golucki," 111,280.26 ",Port St. Lucie,Digital Forensics Examiner
Eric Hinson," 111,224.86 ",Jupiter Island,Public Safety Corporal I
Joy Lehnert," 111,222.52 ",Martin County School District,Teacher JROTC
Taylor Battistelli," 111,206.94 ",Port St. Lucie,Police Officer
Anthony Lovechio," 111,206.94 ",Port St. Lucie,Police Officer
Joel Smith," 111,193.16 ",Port St. Lucie,Crime Scene Unit Manager
Debra Stull," 111,186.00 ",Martin County School District,Principal Alternative School
Tawnya Collins," 111,069.86 ",Martin County Sheriff's Office,Communications Supervisor
Brittney Hanton," 111,069.86 ",Martin County Sheriff's Office,Communications Supervisor
Kent Smith," 111,069.86 ",Martin County Sheriff's Office,Senior Crime Analyst
Dean Lombardi," 111,054.38 ",Martin County,Applications Manager
Britni Stockwell," 111,054.38 ",Martin County,IT Business Relationship Manager
David Dufresne Jr.," 110,912.20 ",Indian River County Sheriff's Office,Sergeant
Gary Farless," 110,912.20 ",Indian River County Sheriff's Office,Sergeant
Raymond Plasse," 110,912.20 ",Indian River County Sheriff's Office,Sergeant
Gregory Farless," 110,912.20 ",Indian River County Sheriff's Office,Sergeant
Gregory Stanley," 110,912.20 ",Indian River County Sheriff's Office,Sergeant
Eric Sesack," 110,912.20 ",Indian River County Sheriff's Office,Sergeant
Christopher Rodriguez," 110,912.20 ",Indian River County Sheriff's Office,Sergeant
Luis Avila," 110,912.20 ",Indian River County Sheriff's Office,Sergeant
Joanna Fricke," 110,912.20 ",Indian River County Sheriff's Office,Sergeant
Ronald Garrison Jr.," 110,912.20 ",Indian River County Sheriff's Office,Sergeant K9
Aaron Scranton," 110,912.20 ",Indian River County Sheriff's Office,Sergeant
Ryan Eggers," 110,912.20 ",Indian River County Sheriff's Office,Sergeant
Roderick Smith," 110,912.20 ",Indian River County Sheriff's Office,Sergeant
Luke Keppel II," 110,912.20 ",Indian River County Sheriff's Office,Sergeant
David Rodriguez," 110,912.20 ",Indian River County Sheriff's Office,Sergeant
Jacob Curby," 110,912.20 ",Indian River County Sheriff's Office,Sergeant
John Finnegan," 110,912.20 ",Indian River County Sheriff's Office,Sergeant
Robert Ryan," 110,912.20 ",Indian River County Sheriff's Office,Sergeant
Devin Hamilton," 110,912.20 ",Indian River County Sheriff's Office,Sergeant Administrative
Joe Jenkins," 110,912.20 ",Indian River County Sheriff's Office,Sergeant
Karen Vining," 110,907.09 ",Martin County Sheriff's Office,Corrections Accreditation Manager
John Lapadula," 110,881.16 ",Stuart,Building Maintenance Coordinator
Jason Ogilvie," 110,858.80 ",Indian River County,Animal Control Manager
Laura Clersaint," 110,829.68 ",Port St. Lucie,Risk Management Administrator
Megan Maguire," 110,761.30 ",Port St. Lucie,"Manager, IT Infrastructure"
Robert Vafiades," 110,745.70 ",Sebastian,Police Lieutenant
Daniel Giesey," 110,407.70 ",Port St. Lucie,Manager – Public Works
Elizabeth Stenger," 110,390.02 ",Indian River County,Director of Library Services
Kyle Smith," 110,219.20 ",Indian River Shores,Sergeant
Aaron Biehl," 110,157.32 ",Port St. Lucie,Supervisor – Code Compliance
Paul Johnson," 110,150.30 ",Port St. Lucie,Traffic Administrator PW
Audria Moore," 110,054.10 ",Fort Pierce,Special Projects Coordinator
Thema Neal," 110,001.84 ",Port St. Lucie,HR Operations Manager
Michele Brennan," 110,000.00 ",Indian River County Sheriff's Office,Director of Nursing
Catherine Ziten Lyons," 109,929.82 ",Indian River County,Assistant Managing Director - SWDD
Edward Groenwoldt," 109,774.86 ",Port St. Lucie,Senior Chief Plans Examiner
Kaitlyn Derosa," 109,774.34 ",Port St. Lucie,Special Events Administrator
Brooke Flood," 109,728.48 ",School District of Indian River County,Strategic Administrator Early Learning
Demarcus Harris," 109,711.00 ",School District of Indian River County,Director Transportation
Jay Pieler," 109,698.35 ",Martin County,Vehicle Services Administrator
Robert Ettswold," 109,652.61 ",St. Lucie County,Senior Project Manager
Shukri Sharabi," 109,423.08 ",Fellsmere,Engineer and Project Manager
Mark Budensiek Jr.," 109,412.87 ",Martin County Sheriff's Office,Deputy Sheriff
Heather Butler," 109,412.87 ",Martin County Sheriff's Office,Deputy Sheriff
Gregorio Collazo Jr.," 109,412.87 ",Martin County Sheriff's Office,Deputy Sheriff
Joseph Garrity," 109,412.87 ",Martin County Sheriff's Office,Deputy Sheriff
Larry Hardy Jr.," 109,412.87 ",Martin County Sheriff's Office,Deputy Sheriff / Civil
Juan Marrero III," 109,412.87 ",Martin County Sheriff's Office,Deputy Sheriff
Jeremiah Ouellette," 109,412.87 ",Martin County Sheriff's Office,Deputy Sheriff
Brian Parker II," 109,412.87 ",Martin County Sheriff's Office,Deputy Sheriff
Andrew Ross," 109,412.87 ",Martin County Sheriff's Office,Deputy Sheriff
Augustin Saucedo," 109,412.87 ",Martin County Sheriff's Office,Deputy Sheriff
Morgan Sprott," 109,412.87 ",Martin County Sheriff's Office,Deputy Sheriff
David Syler," 109,412.87 ",Martin County Sheriff's Office,Deputy Sheriff
Jennifer Villacorta," 109,412.87 ",Martin County Sheriff's Office,Deputy Sheriff
Michael Wagner," 109,412.87 ",Martin County Sheriff's Office,Deputy Sheriff
Richard Lucas," 109,406.96 ",St. Lucie County Fire District,Mechanic
Lawrence Noelke," 109,406.96 ",St. Lucie County Fire District,Mechanic
Luis Alvarez," 109,405.90 ",Martin County Sheriff's Office,Deputy Sheriff
Christopher Ayala," 109,405.90 ",Martin County Sheriff's Office,Deputy Sheriff
Bradford Baker," 109,405.90 ",Martin County Sheriff's Office,Deputy Sheriff / SRO
Christian Baker," 109,405.90 ",Martin County Sheriff's Office,Deputy Sheriff
Frank Baldwin III," 109,405.90 ",Martin County Sheriff's Office,Deputy Sheriff / Court Security
Leslie Beath," 109,405.90 ",Martin County Sheriff's Office,Corporal
Michael Bethel," 109,405.90 ",Martin County Sheriff's Office,Deputy Sheriff
John Bisbano Jr.," 109,405.90 ",Martin County Sheriff's Office,Corporal
Rebecca Brady," 109,405.90 ",Martin County Sheriff's Office,Deputy Sheriff
James Brodie," 109,405.90 ",Martin County Sheriff's Office,Deputy Sheriff
Brian Broughton," 109,405.90 ",Martin County Sheriff's Office,Detective
Scott Bundy," 109,405.90 ",Martin County Sheriff's Office,Deputy Sheriff / SRO
Albert Burkey III," 109,405.90 ",Martin County Sheriff's Office,Deputy Sheriff
Gregory Carlson," 109,405.90 ",Martin County Sheriff's Office,Deputy Sheriff
Andre Cooper," 109,405.90 ",Martin County Sheriff's Office,Deputy Sheriff
Paul Council," 109,405.90 ",Martin County Sheriff's Office,Deputy Sheriff
Douglas Cruz," 109,405.90 ",Martin County Sheriff's Office,Detective / Crime Scene
David Dau," 109,405.90 ",Martin County Sheriff's Office,Deputy Sheriff / SRO
Carla Esposito," 109,405.90 ",Martin County Sheriff's Office,Deputy Sheriff
Benjamin Fennell," 109,405.90 ",Martin County Sheriff's Office,Deputy Sheriff
Jason Fleming," 109,405.90 ",Martin County Sheriff's Office,Deputy Sheriff
Steven Franklin," 109,405.90 ",Martin County Sheriff's Office,Master Deputy - URP
Kevin Fritchie," 109,405.90 ",Martin County Sheriff's Office,Corporal
Matthew Fritchie," 109,405.90 ",Martin County Sheriff's Office,Deputy Sheriff / West County
Jack Garman Jr.," 109,405.90 ",Martin County Sheriff's Office,Corporal
Judson Guin," 109,405.90 ",Martin County Sheriff's Office,Deputy Sheriff
Donovan Hepler," 109,405.90 ",Martin County Sheriff's Office,Deputy Sheriff
John Hilcken," 109,405.90 ",Martin County Sheriff's Office,Background Investigator / Detective
Lauren Hines," 109,405.90 ",Martin County Sheriff's Office,Deputy Sheriff / Desk Deputy
James Holloran," 109,405.90 ",Martin County Sheriff's Office,Deputy Sheriff
Robert Howard," 109,405.90 ",Martin County Sheriff's Office,Deputy Sheriff
Edward Iannazzi," 109,405.90 ",Martin County Sheriff's Office,Deputy Sheriff
Bryan Irvine," 109,405.90 ",Martin County Sheriff's Office,Crisis Intervention Coordinator
Jennifer Jaques," 109,405.90 ",Martin County Sheriff's Office,Detective
John Keating," 109,405.90 ",Martin County Sheriff's Office,Deputy Sheriff
Eric Knott," 109,405.90 ",Martin County Sheriff's Office,Deputy Sheriff
Michael Libasci," 109,405.90 ",Martin County Sheriff's Office,Detective / Crime Scene
Michael Mailman Jr.," 109,405.90 ",Martin County Sheriff's Office,Deputy Sheriff
Ronald Manganiello II," 109,405.90 ",Martin County Sheriff's Office,Deputy Sheriff
Warren Moore," 109,405.90 ",Martin County Sheriff's Office,Deputy Sheriff
Joseph Obermeyer," 109,405.90 ",Martin County Sheriff's Office,Deputy Sheriff / Court Security
Michael Palmer," 109,405.90 ",Martin County Sheriff's Office,Deputy Sheriff
William Panczak," 109,405.90 ",Martin County Sheriff's Office,Special Projects Deputy Sheriff
Drew Patterson," 109,405.90 ",Martin County Sheriff's Office,Detective
Charles Pattison Jr.," 109,405.90 ",Martin County Sheriff's Office,Environmental / Agricultural Deputy
Nicholas Peri," 109,405.90 ",Martin County Sheriff's Office,Deputy Sheriff
Ryan Pfeifle," 109,405.90 ",Martin County Sheriff's Office,Deputy Sheriff
Christine Polizzi," 109,405.90 ",Martin County Sheriff's Office,Detective
Michele Pope," 109,405.90 ",Martin County Sheriff's Office,Classification Deputy Sheriff
Andrew Porcelli," 109,405.90 ",Martin County Sheriff's Office,Deputy Sheriff
Warren Ross," 109,405.90 ",Martin County Sheriff's Office,Deputy Sheriff
Bernard Sanders," 109,405.90 ",Martin County Sheriff's Office,Deputy Sheriff
Anthony Scardigno," 109,405.90 ",Martin County Sheriff's Office,Deputy Sheriff
Vito Sesta Jr.," 109,405.90 ",Martin County Sheriff's Office,Deputy Sheriff
Alan Shevak," 109,405.90 ",Martin County Sheriff's Office,Deputy Sheriff
Jeffrey Shirk," 109,405.90 ",Martin County Sheriff's Office,Deputy Sheriff
Jacob Sirmans," 109,405.90 ",Martin County Sheriff's Office,Corporal / Training Unit
Eric Sirmons," 109,405.90 ",Martin County Sheriff's Office,Deputy Sheriff
Craig Smith," 109,405.90 ",Martin County Sheriff's Office,Deputy Sheriff / West
Robert Smith," 109,405.90 ",Martin County Sheriff's Office,School Resource Officer
Gregory Stehman," 109,405.90 ",Martin County Sheriff's Office,Deputy Sheriff
Donald Stonebraker," 109,405.90 ",Martin County Sheriff's Office,Deputy Sheriff
Christopher Thomas," 109,405.90 ",Martin County Sheriff's Office,Deputy Sheriff / Traffic
Cheree Tolley," 109,405.90 ",Martin County Sheriff's Office,Corporal
Jeffrey Tomlinson," 109,405.90 ",Martin County Sheriff's Office,Deputy Sheriff
Mark Weaver," 109,405.90 ",Martin County Sheriff's Office,Master Deputy
William Weiss," 109,405.90 ",Martin County Sheriff's Office,Corporal
Jason Williams," 109,405.90 ",Martin County Sheriff's Office,Deputy Sheriff
David Wilson," 109,405.90 ",Martin County Sheriff's Office,Deputy Sheriff
Stephen Winegard II," 109,405.90 ",Martin County Sheriff's Office,Corporal
Scott Yamamura," 109,405.90 ",Martin County Sheriff's Office,Deputy Sheriff
Thomas Yawn," 109,405.90 ",Martin County Sheriff's Office,Deputy Sheriff
Eddie Yearby Jr.," 109,405.90 ",Martin County Sheriff's Office,Deputy Sheriff
Cleon Young," 109,405.90 ",Martin County Sheriff's Office,Deputy Sheriff
Kenneth Youngblood," 109,405.90 ",Martin County Sheriff's Office,Deputy Sheriff
Shannon Mieras," 109,200.26 ",Indian River County,Superintendent-Road & Bridge
Mary Huffstetter," 109,162.00 ",St. Lucie Public Schools,Early Childhood Program Coordinator
Nikki Poole," 109,162.00 ",St. Lucie Public Schools,Coordinator of Secondary School Guidance
Shannon Martin," 109,134.22 ",Port St. Lucie,Mayor
James Clasby," 109,134.00 ",St. Lucie County,County Commissioner
Jamie Fowler," 109,134.00 ",St. Lucie County,County Commissioner
Larry Leet," 109,134.00 ",St. Lucie County,County Commissioner
Erin Lowry," 109,134.00 ",St. Lucie County,County Commissioner
Cathy Townsend," 109,134.00 ",St. Lucie County,County Commissioner
Raama Badalo," 109,125.12 ",Port St. Lucie,Superintendent
Patrick Toole," 109,096.00 ",Vero Beach,Master Sergeant
Joseph Casson," 109,063.55 ",St. Lucie County Fire District,Building & Grounds Supervisor
Jennifer Norris," 109,062.45 ",School District of Indian River County,Principal Elementary School
Daniel Ahrens," 109,024.50 ",Indian River County,Sr. Bldg Insp/Plans Examiner
Graham Kelley," 108,999.80 ",Fort Pierce,Police Sergeant
Cassandra Davis," 108,999.80 ",Fort Pierce,Police Sergeant
Charles Donnon," 108,999.80 ",Fort Pierce,Police Sergeant
John O'Keefe," 108,947.54 ",Port St. Lucie,Chief Building Inspector
Cynthia Bruin," 108,896.95 ",Indian River State College,"Executive Director, Grants and Sponsored Programs"
Peter Copeman," 108,773.15 ",School District of Indian River County,Building Official
Jessica Rojas," 108,773.15 ",School District of Indian River County,Program Specialist
Joshiwa Smeltzer," 108,773.15 ",School District of Indian River County,Human Resources Manager
Michael Sturgis," 108,773.15 ",School District of Indian River County,Construction Manager
Katherine Wolf," 108,773.15 ",School District of Indian River County,Program Specialist
Christopher Gamble," 108,765.70 ",St. Lucie County,Utility Field Operations Manager
James Lappert," 108,744.06 ",St. Lucie County,Water Quality Div. Director
Terrill Mincey," 108,708.81 ",St. Lucie County,Mosquito Control Manager
Stephanie Piche," 108,603.98 ",Martin County,Engineering Compliance Manager
Kernie Fuller," 108,544.80 ",Indian River Shores,Building Inspector
Roy Cole," 108,539.86 ",Sebastian,Police Lieutenant
Frank Adamski Jr.," 108,513.60 ",Vero Beach,Master Sergeant
Elizabeth Atkinson," 108,500.00 ",Martin County School District,Principal Elementary School
Denny Hart," 108,472.14 ",School District of Indian River County,Asst Principal FLC
Michael Harvey," 108,333.06 ",St. Lucie County,Project Engineer
Gus Camba," 108,329.58 ",Martin County Sheriff's Office,Detective - Crime Scene / Master Deputy
Michael Deacetis," 108,329.58 ",Martin County Sheriff's Office,Detective
Jenifer Grounds," 108,329.58 ",Martin County Sheriff's Office,Detective
William McNeal," 108,329.58 ",Martin County Sheriff's Office,Deputy Sheriff
Matthew Mosley," 108,329.58 ",Martin County Sheriff's Office,Deputy Sheriff
Charles Ruby III," 108,329.58 ",Martin County Sheriff's Office,Deputy Sheriff
Marc Bozone," 108,324.32 ",Martin County Sheriff's Office,Deputy Sheriff
William Evans," 108,324.32 ",Martin County Sheriff's Office,Deputy Sheriff
Michael Fenton," 108,324.32 ",Martin County Sheriff's Office,Corporal
Duilio Giacopello," 108,324.32 ",Martin County Sheriff's Office,Master Deputy
Jason Hickman," 108,324.32 ",Martin County Sheriff's Office,Deputy Sheriff / SRO
Alex James," 108,324.32 ",Martin County Sheriff's Office,Deputy Sheriff
Patrick McFall," 108,324.32 ",Martin County Sheriff's Office,Deputy Sheriff
Brian Merrifield," 108,324.32 ",Martin County Sheriff's Office,Deputy Sheriff / SRO
Andrew Palmese," 108,324.32 ",Martin County Sheriff's Office,Deputy Sheriff
Andrew Pine," 108,324.32 ",Martin County Sheriff's Office,Deputy Sheriff
Theresa Mee‑Joy," 108,213.00 ",St. Lucie Public Schools,Occupational Therapist
Brandon Creagan," 108,152.98 ",Indian River County,Chief Planner
Daniel Papaleo," 108,086.94 ",Port St. Lucie,Police Officer
James Boyd," 108,086.94 ",Port St. Lucie,Police Officer
Corey Krecic," 108,086.94 ",Port St. Lucie,Police Officer
Charles Green," 108,086.94 ",Port St. Lucie,Police Officer
Lori Bender," 108,078.36 ",Fort Pierce,IT GIS Division Manager
Diego Palacio," 108,000.10 ",Fort Pierce,Police Sergeant
Tad Lindstadt," 108,000.10 ",Fort Pierce,Police Sergeant
Maria Sumner," 108,000.00 ",Martin County School District,Principal Elementary School
Travis Parker," 107,947.84 ",Indian River Shores,Sergeant
Peter Dibernardo," 107,889.60 ",St. Lucie County,IT Manager
Michael Lang," 107,889.20 ",Martin County Sheriff's Office,Senior Aviation Maintenance Technician
Phillip Keathley," 107,861.72 ",Martin County,Utilities Chief Project Manager
Majorie Rahming," 107,814.72 ",St. Lucie County Sheriff's Office,Legal Services Civil Manager
Thomas Brewer," 107,758.60 ",Indian River State College,Professor
John Freeman," 107,758.60 ",Indian River State College,Professor
Jessica Fulton," 107,758.60 ",Indian River State College,Professor
Armon Copeland," 107,758.60 ",Indian River State College,Professor
Karen Ng," 107,758.60 ",Indian River State College,Professor
Christopher Smith," 107,753.38 ",St. Lucie County Sheriff's Office,Sergeant
Justin Jackson," 107,753.38 ",St. Lucie County Sheriff's Office,Sergeant
Tad Leroy," 107,753.38 ",St. Lucie County Sheriff's Office,Sergeant
Curtis Sims Jr.," 107,753.38 ",St. Lucie County Sheriff's Office,Sergeant
Scott Heffner," 107,747.64 ",Indian River County,Chief Building Inspector
Kyra Schafte," 107,709.29 ",School District of Indian River County,Executive Director of Strategic Communications & Marketing
Ian Montgelas," 107,702.36 ",Martin County,Ocean Rescue Chief
William Jarrett," 107,651.44 ",Port St. Lucie,Police Officer
Zachary Borovina," 107,647.00 ",Martin County,Firefighter Paramedic
Nina Carpino," 107,647.00 ",Martin County,Firefighter Paramedic
Daniel Choate," 107,647.00 ",Martin County,Firefighter Paramedic
Kevin Cosgrove," 107,647.00 ",Martin County,Firefighter Paramedic
Emmanuel Dorelus," 107,647.00 ",Martin County,Firefighter Paramedic
John Ewing," 107,647.00 ",Martin County,Firefighter Paramedic
James Ferrara," 107,647.00 ",Martin County,Firefighter Paramedic
John Franco," 107,647.00 ",Martin County,Firefighter Paramedic
Christopher Hall," 107,647.00 ",Martin County,Firefighter Paramedic
Gregory Hall," 107,647.00 ",Martin County,Firefighter Paramedic
Daniel Hudnet," 107,647.00 ",Martin County,Firefighter Paramedic
Andrew Johnson," 107,647.00 ",Martin County,Firefighter Paramedic
Makequeson Jules," 107,647.00 ",Martin County,Firefighter Paramedic
William Kirk," 107,647.00 ",Martin County,Firefighter Paramedic
Michael Knepper Jr.," 107,647.00 ",Martin County,Firefighter Paramedic
Nathan Knight," 107,647.00 ",Martin County,Firefighter Paramedic
Matthew Liner," 107,647.00 ",Martin County,Firefighter Paramedic
Michael Lutz," 107,647.00 ",Martin County,Firefighter Paramedic
Carlos Martin," 107,647.00 ",Martin County,Firefighter Paramedic
Christopher Martin," 107,647.00 ",Martin County,Firefighter Paramedic
Charles Mathis," 107,647.00 ",Martin County,Firefighter Paramedic
Colin McPherson," 107,647.00 ",Martin County,Firefighter Paramedic
Stacey Moon," 107,647.00 ",Martin County,Firefighter Paramedic
Darin Morris," 107,647.00 ",Martin County,Firefighter Paramedic
Dustin Mydock," 107,647.00 ",Martin County,Firefighter Paramedic
Kristian Nader," 107,647.00 ",Martin County,Firefighter Paramedic
Luis Olivo," 107,647.00 ",Martin County,Firefighter Paramedic
Brent Propst," 107,647.00 ",Martin County,Firefighter Paramedic
Adam Reed," 107,647.00 ",Martin County,Firefighter Paramedic
Brendan Rogers," 107,647.00 ",Martin County,Firefighter Paramedic
Gary Rothe," 107,647.00 ",Martin County,Firefighter Paramedic
Travis Slusher," 107,647.00 ",Martin County,Firefighter Paramedic
Austin Spiegelhalter," 107,647.00 ",Martin County,Firefighter Paramedic
Joshua Taborda," 107,647.00 ",Martin County,Firefighter Paramedic
Kelly Taylor," 107,647.00 ",Martin County,Firefighter Paramedic
Perry Ware," 107,647.00 ",Martin County,Firefighter Paramedic
Brian Wesson," 107,647.00 ",Martin County,Firefighter Paramedic
Christopher Wisniewski," 107,647.00 ",Martin County,Firefighter Paramedic
Robert D’Amato," 107,637.00 ",St. Lucie Public Schools,Maintenance Senior Trades Manager
Derek Gordon," 107,636.00 ",St. Lucie Public Schools,Assistant High School Principal
Paige McMahon," 107,582.75 ",Martin County School District,Coordinator of Curriculum & Instruction
Guillermo Orozco," 107,582.75 ",Martin County School District,Coordinator of Student Services
Nicholas Dibenedetto," 107,512.86 ",Port St. Lucie,Assistant Manager Traffic Operations
Jennifer Grima," 107,444.31 ",St. Lucie County Fire District,Lieutenant Medic Shift
Camila Alvarez," 107,420.00 ",Indian River State College,Assistant Instructional Dean
Russell Davis," 107,381.83 ",Indian River State College,Dental Director
Lauren Gieseler," 107,312.00 ",St. Lucie Public Schools,Elementary School Principal
Ashman Beecher," 107,267.84 ",Martin County,Transit Administrator
William Barkey," 107,203.20 ",Indian River County,Lieutenant Fire-Medic
Mazen Binafif," 107,203.20 ",Indian River County,Lieutenant Fire-Medic
Ryan Callahan," 107,203.20 ",Indian River County,Lieutenant Fire-Medic
Kevin Clute," 107,203.20 ",Indian River County,Lieutenant Fire-Medic
Nicholas Diaz," 107,203.20 ",Indian River County,Lieutenant Fire-Medic
James Fucci," 107,203.20 ",Indian River County,Lieutenant Fire-Medic
J Jesus Gomez," 107,203.20 ",Indian River County,Lieutenant Fire-Medic
Brian Guanch," 107,203.20 ",Indian River County,Lieutenant Fire-Medic
James Holbrook," 107,203.20 ",Indian River County,Lieutenant Fire-Medic
Cody Holmes," 107,203.20 ",Indian River County,Lieutenant Fire-Medic
Ryan Krueger," 107,203.20 ",Indian River County,Lieutenant Fire-Medic
Ryan Parker," 107,203.20 ",Indian River County,Lieutenant Fire-Medic
Todd Porter," 107,203.20 ",Indian River County,Lieutenant Fire-Medic
Brennan Quigley," 107,203.20 ",Indian River County,Lieutenant Fire-Medic
Jameson Raulerson," 107,203.20 ",Indian River County,Lieutenant Fire-Medic
Jonathan Reardon," 107,203.20 ",Indian River County,Lieutenant Fire-Medic
Joseph Richter," 107,203.20 ",Indian River County,Lieutenant Fire-Medic
Robert Rivas," 107,203.20 ",Indian River County,Lieutenant Fire-Medic
Michael Rule," 107,203.20 ",Indian River County,Lieutenant Fire-Medic
Adam Schauman," 107,203.20 ",Indian River County,Lieutenant Fire-Medic
Thomas Schilling," 107,203.20 ",Indian River County,Lieutenant Fire-Medic
Andrew Stenger," 107,203.20 ",Indian River County,Lieutenant Fire-Medic
Justin Tobin," 107,203.20 ",Indian River County,Lieutenant Fire-Medic
Christopher Trent," 107,203.20 ",Indian River County,Lieutenant Fire-Medic
James Westerman," 107,203.20 ",Indian River County,Lieutenant Fire-Medic
Neil Wilson," 107,203.20 ",Indian River County,Lieutenant Fire-Medic
Jose Capellan," 107,186.56 ",St. Lucie County,Veteran Services Manager
Frank Watanabe," 107,102.09 ",St. Lucie County,Capital Projects Engineer
Megan Kendrick," 107,014.18 ",Indian River County,Human Services Administrator
Jeffrey Wachendorfer," 106,999.88 ",Fort Pierce,Police Sergeant
Jason Mills," 106,992.70 ",Sebastian,Police Sergeant
Amy Delaney," 106,989.57 ",Martin County School District,Payroll Manager
Joseph Berenato III," 106,964.78 ",Vero Beach,"Asst Director, Public Works"
Barbara Brooke‑Reese," 106,885.48 ",Sebastian,MIS Manager
Bridgette Hargadine," 106,881.00 ",St. Lucie Public Schools,Coordinator of Strategic Planning
Dennis Deacetis," 106,849.60 ",Vero Beach,Master Sergeant
Megan Dewitt," 106,724.80 ",Vero Beach,Police Master Sergeant
Brian Hesse," 106,724.80 ",Vero Beach,Master Sergeant
Scott Ritter," 106,702.70 ",Port St. Lucie,Building Construction Inspector II
Nile Gentry," 106,680.00 ",St. Lucie Public Schools,Information Technology Services Network Infrastructure Organization
Jose Avianeda," 106,646.35 ",Indian River County Sheriff's Office,Sergeant
Dwayne Hoilett," 106,646.35 ",Indian River County Sheriff's Office,Sergeant
Johann Brown," 106,646.35 ",Indian River County Sheriff's Office,Sergeant
Donnella Dorsett," 106,646.35 ",Indian River County Sheriff's Office,Sergeant
Makaro Henry," 106,646.35 ",Indian River County Sheriff's Office,Sergeant
Temetrices Rolle," 106,646.35 ",Indian River County Sheriff's Office,Sergeant
Taylor Behrsin," 106,631.00 ",Martin County,Firefighter Paramedic Driver Engineer
James Horton," 106,631.00 ",Martin County,Firefighter Paramedic Driver Engineer
Devin Roberts," 106,631.00 ",Martin County,Firefighter Paramedic Driver Engineer
Julie Sessa," 106,537.75 ",Martin County School District,Coordinator of Facilities and Planning
Angela Gilbride," 106,500.00 ",Martin County School District,Principal of Pre-K Programs
Tony Ardon," 106,460.48 ",Martin County Sheriff's Office,Sergeant
Jacob Blaszyk," 106,460.48 ",Martin County Sheriff's Office,Sergeant / Traffic
Kevin Duffy," 106,460.48 ",Martin County Sheriff's Office,Sergeant
Michael Durham," 106,460.48 ",Martin County Sheriff's Office,Sergeant
Dominic Ferrusi," 106,460.48 ",Martin County Sheriff's Office,Sergeant
Matthew Killough," 106,460.48 ",Martin County Sheriff's Office,Sergeant / Crime Scene
Kaylie Lymon," 106,460.48 ",Martin County Sheriff's Office,Sergeant
Devanand Persad," 106,460.48 ",Martin County Sheriff's Office,Sergeant
Christian Crandall," 106,452.35 ",Martin County Sheriff's Office,Sergeant / K-9
Martin Gonzalez," 106,452.35 ",Martin County Sheriff's Office,Sergeant
Valerie Gaynor," 106,364.76 ",Martin County School District,Coordinator of Environmental Studies Center
Debra George," 106,364.43 ",Martin County School District,Coordinator of Title I
Timothy Kinkead," 106,289.92 ",Martin County,Chief Inspector/Plans Examiner
Luis Negrete," 106,289.92 ",Martin County,Chief Inspector/Plans Examiner
Rachel Knaggs," 106,252.38 ",Port St. Lucie,Manager – Code Compliance
Christina Flores," 106,252.38 ",Port St. Lucie,Executive Project Manager
Rulai Li," 106,252.38 ",Port St. Lucie,Principal Data Architect
Alaina Knofla," 106,252.38 ",Port St. Lucie,Procurement Manager
Christopher Hinson," 106,197.00 ",Indian River County,Lieutenant Admin
Scott Metcalf," 106,181.12 ",Jupiter Island,Utility Infrastructure Manager
Andreas Sudhoff," 106,142.40 ",Stuart,Police Officer
Robert Plummer ," 106,121.22 ",Martin County,Treatment Plant Operations Administrator
Stephanie Hardison," 106,091.00 ",St. Lucie Public Schools,Occupational Therapist Department Chair
Kenneth Evans," 106,000.44 ",Fellsmere,Public Works Director
Robert Loring," 106,000.44 ",Fellsmere,CDD Director
Chris Hall," 106,000.26 ",Martin County School District,Coordinator of Computer Operations
David Shaffer," 106,000.00 ",Martin County School District,Principal Elementary School
Lisa Wilcocks Hannold," 105,990.98 ",St. Lucie County Fire District,Ambulance Billing Supervisor
Ronald Parrish Jr.," 105,990.89 ",St. Lucie County Fire District,Firefighter Engineer Shift
Michael Brady," 105,990.89 ",St. Lucie County Fire District,Firefighter Engineer Shift
Donald McDilda Jr.," 105,990.89 ",St. Lucie County Fire District,Firefighter Engineer Shift
Patrick Obrien," 105,990.89 ",St. Lucie County Fire District,Firefighter Engineer Shift
Joseph Clanton," 105,990.89 ",St. Lucie County Fire District,Firefighter Engineer Shift
Brian Phares," 105,990.89 ",St. Lucie County Fire District,Firefighter Engineer Shift
James Cubbedge," 105,990.89 ",St. Lucie County Fire District,Firefighter Engineer Shift
Jon Mullins," 105,990.89 ",St. Lucie County Fire District,Firefighter Engineer Shift
Raymond Reiprecht," 105,990.89 ",St. Lucie County Fire District,Firefighter Engineer Shift
Eric Rosenquist," 105,990.89 ",St. Lucie County Fire District,Firefighter Engineer Shift
Brian Fogal," 105,990.89 ",St. Lucie County Fire District,Firefighter Engineer Shift
Gui Chibas," 105,990.89 ",St. Lucie County Fire District,Firefighter Engineer Shift
Perry Storey," 105,990.89 ",St. Lucie County Fire District,Firefighter Engineer Shift
Robert Tedder," 105,990.89 ",St. Lucie County Fire District,Firefighter Engineer Shift
Patrick Noll," 105,990.89 ",St. Lucie County Fire District,Firefighter Engineer Shift
Daren Torok," 105,990.89 ",St. Lucie County Fire District,Firefighter Engineer Shift
Hank Mele," 105,990.89 ",St. Lucie County Fire District,Firefighter Engineer Shift
Kevin Solomon," 105,990.89 ",St. Lucie County Fire District,Firefighter Engineer Shift
Revel Thom," 105,990.89 ",St. Lucie County Fire District,Firefighter Engineer Shift
Jason Dare," 105,990.89 ",St. Lucie County Fire District,Firefighter Engineer Shift
Gregory Bottari," 105,979.50 ",Martin County School District,Principal Elementary School
Jennifer Newsom," 105,848.85 ",School District of Indian River County,Principal Elementary School
Jay Brotherton," 105,811.21 ",Martin County,Utilities Maintenance Administrator
Steven Vandersluis," 105,762.72 ",Martin County,Utilities Senior Project Manager
Eric Dickinson," 105,753.96 ",Port St. Lucie,Chief Plant Operator
Melanie Gorman," 105,740.00 ",St. Lucie Public Schools,Coordinator of Assessment
Gregory Plumb," 105,664.00 ",Vero Beach,Police Sergeant 2
Charles Lockwood," 105,663.67 ",St. Lucie County,Library Services Division Manager
Nicholas Anicito," 105,639.71 ",St. Lucie County Fire District,Firefighter Paramedic Shift
Jeremy French," 105,639.71 ",St. Lucie County Fire District,Firefighter Paramedic Shift
Maria Fernandez," 105,639.71 ",St. Lucie County Fire District,Firefighter Paramedic Shift
Kayla Pedonti," 105,639.71 ",St. Lucie County Fire District,Firefighter Paramedic Shift
Tanner Selph," 105,639.66 ",St. Lucie County Fire District,Firefighter/Paramedic Days
William Lyshon," 105,639.21 ",St. Lucie County Fire District,Paramedic/Engineer Shift
Justin Hartley," 105,639.21 ",St. Lucie County Fire District,Paramedic/Engineer Shift
Anthony Macias Lopez," 105,639.21 ",St. Lucie County Fire District,Paramedic/Engineer Shift
Michael Saunders," 105,550.07 ",Martin County,Parks Administrator
Lana Barros," 105,523.75 ",Martin County School District,Coordinator of College and Career Readiness
James O’Connell," 105,474.20 ",Vero Beach,"Director, Recreation"
Lilian Rachel Ivey," 105,431.56 ",Indian River County,Emergency Management Planner II
Leonard Baker," 105,386.00 ",Martin County,Lieutenant
Sean Close," 105,386.00 ",Martin County,Lieutenant
Ryan Law," 105,386.00 ",Martin County,Lieutenant
Alexander Newton," 105,386.00 ",Martin County,Lieutenant
Matthew Quesada," 105,386.00 ",Martin County,Lieutenant
Michael Staudt," 105,382.94 ",Indian River County,Asset Management & GIS Manager
Elizabeth Scheidel," 105,378.00 ",Indian River Shores,Building Official Assistant
Yolanda Bills," 105,329.17 ",Martin County Sheriff's Office,Assistant HR Manager
Cynthia Brown," 105,329.17 ",Martin County Sheriff's Office,Executive Assistant - Legal
Eric Ellington," 105,329.17 ",Martin County Sheriff's Office,Technician
Heidi Gleason," 105,329.17 ",Martin County Sheriff's Office,ID Technician
Rhonda Irons," 105,329.17 ",Martin County Sheriff's Office,Executive Assistant II - IA
Wendy McAllister," 105,329.17 ",Martin County Sheriff's Office,Evidence Supervisor
Sarah Rogers," 105,329.17 ",Martin County Sheriff's Office,Civil Supervisor
Joseph Sesta," 105,329.17 ",Martin County Sheriff's Office,Major Component Specialist
Kimberly Rahal," 105,324.85 ",School District of Indian River County,Principal Elementary School
Rebecca Shearer," 105,317.50 ",Indian River State College,Chief Retention Officer
Jennifer L'Heureux," 105,248.26 ",Port St. Lucie,Finance Administrator
Christine Brown," 105,247.48 ",Port St. Lucie,Budget Administrator
Enrique Carmona," 105,165.78 ",St. Lucie County,Special Projects Manager
Tasheeka Ellis," 105,159.60 ",Port St. Lucie,Manager Personnel Liaison
Maria Pierce," 105,123.20 ",Sewall's Point,Finance/HR Director / Acting Town Clerk
Sera Phillips," 105,060.00 ",Indian River State College,Executive Director of Human Resources
Todd Warren," 105,052.68 ",Martin County,Assistant Field Operations Administrator
Joseph Sabater," 105,050.40 ",St. Lucie County,Assistant Budget Manager
Ian Centrone," 105,046.52 ",Martin County,Deputy Tourism Director
Ulysse Louigene," 105,031.68 ",Port St. Lucie,Software Developer III
Henry Glass," 105,030.12 ",Port St. Lucie,Building Plans Examiner IV
Flynn Fidgeon," 105,001.73 ",St. Lucie County,Communications Division Manager
Gloria Brown," 105,000.22 ",Sebastian,911 Emergency Dispatch Supervisor
Anthony Cooling," 105,000.22 ",Stuart,Budget & Procurement Manager
Joseph Ciamprone Baron III," 105,000.00 ",Martin County,Assistant County Attorney
Christopher Guadagno," 104,999.96 ",Fort Pierce,Police Sergeant
Eddie Dove," 104,999.96 ",Fort Pierce,Police Sergeant
Paul Sandstrom," 104,999.96 ",Stuart,IT Infrastructure Manager
David Erickson," 104,982.75 ",School District of Indian River County,Purchasing & Contract Manager
Melissa Garrison," 104,895.02 ",Sebastian,Police Detective Sergeant
Christine Madsen," 104,887.50 ",Martin County,Engineering Permit Manager
Eric Albritton," 104,876.00 ",St. Lucie Public Schools,Information Technology Services Network Systems Analyst I
Carmen Kizmann," 104,876.00 ",St. Lucie Public Schools,Information Technology Services Computer Systems Analyst
Raymond Gorniewicz Jr.," 104,837.44 ",St. Lucie County Sheriff's Office,IT Analyst
Troy Walker," 104,837.44 ",St. Lucie County Sheriff's Office,IT Analyst
Patrick Nolan," 104,807.04 ",Indiantown,Public Works & Utilities Director
James Travis," 104,717.71 ",Martin County,Senior Database Administrator
Elaine McGinty," 104,714.95 ",School District of Indian River County,Program Specialist
Rachelle Benken," 104,695.50 ",Indian River County,GIS Manager
Jennifer Hahn," 104,695.50 ",Indian River County,Utility Services Asset Manager
Steven Owens," 104,681.46 ",Port St. Lucie,Supervisor – Code Compliance
Brian McMahon," 104,632.55 ",School District of Indian River County,Director of Accountability & Research
Aleida Trinidad," 104,600.00 ",St. Lucie Public Schools,Coordinator of ELL/Translation Services
Jesse Perez," 104,546.78 ",Port St. Lucie,Assistant City Surveyor – Professional Surveyor & Mapper
Amy Maloveczky," 104,531.44 ",Port St. Lucie,Police Officer
Kayla Tomlinson," 104,531.44 ",Port St. Lucie,Police Officer
Oliver Adams," 104,531.44 ",Port St. Lucie,Police Officer
Joseph Iannone," 104,531.44 ",Port St. Lucie,Police Officer
Rebecca Teske," 104,527.00 ",School District of Indian River County,Coordinator of Acceleration & Coaching
Annette Newsome," 104,518.00 ",St. Lucie Public Schools,Assistant Middle/Junior School Principal
Melissa Hutchings," 104,518.00 ",St. Lucie Public Schools,Assistant Middle/Junior School Principal
Lee Dearlove," 104,502.06 ",Port St. Lucie,Fiber Infrastructure Administrator
Sean Collins," 104,448.50 ",Vero Beach,"Director, Marina"
Sandra Bogan," 104,439.30 ",St. Lucie County,Resilience Navigator
Anthony Lester," 104,434.20 ",Port St. Lucie,"Building Inspector, Plans Examiner IV"
Daniel Duran," 104,395.20 ",Stuart,Police Sergeant
Ron Nelson," 104,352.77 ",St. Lucie County,Solution Architect
Michael Lutinski," 104,325.00 ",Indian River Shores,Chief Technology Officer
David Bell," 104,257.92 ",Indian River County,Lieutenant Fire‑Medic
Joshua Bender," 104,257.92 ",Indian River County,Lieutenant Fire‑Medic
Matthew Bloch," 104,257.92 ",Indian River County,Lieutenant Fire‑Medic
Jamie Calloway," 104,257.92 ",Indian River County,Lieutenant Fire‑Medic
Anthony Dekker," 104,257.92 ",Indian River County,Lieutenant Fire‑Medic
Bradley Eskew," 104,257.92 ",Indian River County,Lieutenant Fire‑Medic
Bradley Ford," 104,257.92 ",Indian River County,Lieutenant Fire‑Medic
Brandon Kahl," 104,257.92 ",Indian River County,Lieutenant Fire‑Medic
Joshua Morris," 104,257.92 ",Indian River County,Lieutenant Fire‑Medic
William Shields," 104,257.92 ",Indian River County,Lieutenant Fire‑Medic
Jamie Sparks," 104,238.75 ",St. Lucie County Sheriff's Office,Executive Manager
Myrna Tamar‑Belgraves," 104,212.00 ",St. Lucie Public Schools,Assistant High School Principal
Jo Scott," 104,179.71 ",St. Lucie County,Applications Administrator II
Kristin Carbone," 104,167.50 ",Martin County School District,Assistant Principal High School
Brian Thompson," 104,095.94 ",Port St. Lucie,Police Officer
Scott Samples," 104,047.32 ",Port St. Lucie,Strategic Communications Team Manager
Alexey Gilev," 103,920.13 ",St. Lucie County,County Surveyor
Xiaoyu Zheng," 103,913.68 ",Port St. Lucie,Civic Designer – CT
William Durden," 103,876.11 ",St. Lucie County,Plans Examiner
Lisa Schuyler," 103,781.21 ",Indian River State College,Director of Accounting and Financial Reporting
Ashley Hammond," 103,744.42 ",Indian River County,County Administrator Ombudsman
Jennifer Sanders," 103,740.00 ",Indian River County,Professional Development Manager
Ryan Harris," 103,703.39 ",St. Lucie County Fire District,Mechanic
Michael Jerome," 103,703.39 ",St. Lucie County Fire District,Mechanic
Jan Foselli," 103,650.30 ",Stuart,Public Safety & Human Resources Partner
Robert Cook," 103,508.20 ",St. Lucie County Sheriff's Office,IT Analyst
Jacob Maikranz," 103,467.00 ",Indian River Shores,Building/Fire/Code Inspector
Jimmy Hardison," 103,455.00 ",St. Lucie Public Schools,Coordinator of Transportation
Andrea Reilly," 103,455.00 ",St. Lucie Public Schools,Coordinator of Assessment
Jessica Wood," 103,423.05 ",School District of Indian River County,Guidance Senior High
Tysha Williams," 103,401.48 ",Fort Pierce,"Manager, Solid Waste Operations"
Jamal Mosley," 103,401.48 ",Fort Pierce,IT Systems Analyst II
James Lopilato," 103,371.20 ",Martin County,Parks Safety & Operations Administrator
Muhammad Ali," 103,357.70 ",St. Lucie County,Security Administrator
Raluca Taylor," 103,191.14 ",Port St. Lucie,GIS Developer II
Brian Bell," 103,188.80 ",Indian River Shores,Sergeant
Douglas Brown," 103,171.02 ",Martin County Sheriff's Office,Deputy Sheriff
Christopher Caplan," 103,171.02 ",Martin County Sheriff's Office,Deputy Sheriff
Steven Cranmer," 103,171.02 ",Martin County Sheriff's Office,Deputy Sheriff
Erick Day," 103,171.02 ",Martin County Sheriff's Office,Deputy Sheriff / COP
Joseph Desiato," 103,171.02 ",Martin County Sheriff's Office,Deputy Sheriff / Court House
Mary Duggan," 103,171.02 ",Martin County Sheriff's Office,Deputy Sheriff / SRO
Cheri Grose," 103,171.02 ",Martin County Sheriff's Office,Classification Deputy Sheriff
John Kilpatrick," 103,171.02 ",Martin County Sheriff's Office,Deputy Sheriff
Angel Louijuste," 103,171.02 ",Martin County Sheriff's Office,Deputy Sheriff
Nicholas Neswick," 103,171.02 ",Martin County Sheriff's Office,Deputy Sheriff
Andrea Olson," 103,171.02 ",Martin County Sheriff's Office,Deputy Sheriff
Ryan Pearlman," 103,171.02 ",Martin County Sheriff's Office,Master Deputy
Emmanuel Perez," 103,171.02 ",Martin County Sheriff's Office,Corporal
Adam Rodriguez," 103,171.02 ",Martin County Sheriff's Office,Corporal / Training
Debra Stonebraker," 103,171.02 ",Martin County Sheriff's Office,Deputy Sheriff
Nicole Walters," 103,171.02 ",Martin County Sheriff's Office,Detective
Stephanie Westbrook," 103,171.02 ",Martin County Sheriff's Office,Deputy Sheriff
Gedeon Brenovil," 103,166.02 ",Martin County Sheriff's Office,Deputy Sheriff
Howard Harned," 103,166.02 ",Martin County Sheriff's Office,Corporal
Tracey Hurt," 103,146.48 ",Martin County,Budget & Fiscal Operations Coordinator
Samantha Lovelady," 103,146.48 ",Martin County,Principal Planner
Steven Jungjohan," 103,135.24 ",Port St. Lucie,Administrator PW Drain & Streets
William Minogue Jr.," 103,113.29 ",St. Lucie County Sheriff's Office,Sergeant
Edwilky Paulvil," 103,113.29 ",St. Lucie County Sheriff's Office,Sergeant
Anthony Scuoppo," 103,113.29 ",St. Lucie County Sheriff's Office,Sergeant
Megan Mangel," 103,113.29 ",St. Lucie County Sheriff's Office,Sergeant
Jakayra Boldin," 103,113.29 ",St. Lucie County Sheriff's Office,Sergeant
Estefania Rosales," 103,113.29 ",St. Lucie County Sheriff's Office,Sergeant
Michael Favale," 103,113.29 ",St. Lucie County Sheriff's Office,Sergeant
Roxanne Bourbonniere," 103,113.00 ",St. Lucie County Sheriff's Office,Sergeant
Eddie Robinson Jr.," 103,071.00 ",St. Lucie Public Schools,Assistant High School Principal
Jean Emerson," 103,071.00 ",St. Lucie Public Schools,Assistant High School Principal
Maygan Johnson," 103,000.00 ",Indian River State College,Senior Director of Development
Richard Chimenti," 102,939.20 ",Vero Beach,Master Police Officer
Norman Farquharson III," 102,939.20 ",Vero Beach,Master Police Officer
Michael Gasbarrini," 102,939.20 ",Vero Beach,Master Police Officer
Mark Van D’Huynslager," 102,939.20 ",Vero Beach,Police Officer/Detective MPO
James Beams," 102,925.06 ",St. Lucie County,Senior Project Manager PIB
Duke Hawkins," 102,854.18 ",Indian River County,Manager Distribution & Collection
Lisa Hall," 102,820.00 ",Martin County,Cybersecurity Manager
Calleigh Nazario," 102,734.32 ",Port St. Lucie,"Administrator, City Clerk"
Matthew Morse," 102,659.53 ",St. Lucie County,Utilities Project & Construction Manager
Denise Jackson," 102,640.20 ",Port St. Lucie,Accounting Manager
Emily Seitter," 102,615.24 ",Port St. Lucie,"Administrator, CIP & Sales Tax Project Group"
Heather Holden," 102,580.28 ",School District of Indian River County,"Director, Student Services"
David Voisinet," 102,574.95 ",Martin County,Chief Plant Operator
Brooke Wigginton," 102,560.00 ",St. Lucie Public Schools,Assistant Elementary School Principal
Fady Boulos," 102,555.18 ",Port St. Lucie,"Building Inspector, Plans Examiner IV"
Christina Moore," 102,550.50 ",Indian River County,Senior Paralegal
Bridgette Sanders," 102,544.57 ",Indian River County Sheriff's Office,Sergeant
Craig Thimmer," 102,544.57 ",Indian River County Sheriff's Office,Sergeant
Matthew Redstone," 102,544.57 ",Indian River County Sheriff's Office,Sergeant
Brandon Dean," 102,544.57 ",Indian River County Sheriff's Office,Sergeant
David Flores," 102,544.57 ",Indian River County Sheriff's Office,Sergeant
Shane Joerger," 102,544.57 ",Indian River County Sheriff's Office,Sergeant K9
Julia Cuevas," 102,544.57 ",Indian River County Sheriff's Office,Sergeant
Concetta While," 102,544.57 ",Indian River County Sheriff's Office,Sergeant
Michelle Guercio," 102,499.65 ",Martin County School District,School Psychologist
Anthony Rake," 102,423.00 ",St. Lucie Public Schools,Facilities Senior Project Manager
Lawrence Sullivan," 102,321.96 ",Port St. Lucie,"Building Inspector, Plans Examiner IV"
Blandine Johnson," 102,316.00 ",St. Lucie Public Schools,Coordinator of Quality Instruction
Tari Archer," 102,236.00 ",St. Lucie Public Schools,Assistant Middle/Junior School Principal
Vincia Gavoni," 102,236.00 ",St. Lucie Public Schools,Assistant Middle/Junior School Principal
Samantha Piscopo," 102,236.00 ",St. Lucie Public Schools,Assistant Middle/Junior School Principal
Jerry Ezard," 102,201.28 ",Martin County,Telecommunications Supervisor
Branden Hamilton," 102,201.28 ",Martin County,Telecommunications Supervisor
Daphne Mathews," 102,186.30 ",School District of Indian River County,Director ESE
Tracy Jahn," 102,185.37 ",St. Lucie County,Transit Operations Manager
William Collier," 102,165.51 ",Indian River County Sheriff's Office,Assistant Director
Quintin Warren," 102,021.14 ",Port St. Lucie,Software Developer III
Steven Sobon," 102,000.08 ",Fort Pierce,Police Sergeant
Evens Saintilien," 102,000.08 ",Fort Pierce,Police Sergeant
Joselito Simon," 102,000.08 ",Fort Pierce,Police Sergeant
Dania Francois‑Brown," 102,000.08 ",Fort Pierce,Police Sergeant
Candice Kernan‑Fullen," 102,000.08 ",Fort Pierce,Police Sergeant
Brandy Grecco," 102,000.08 ",Fort Pierce,Police Sergeant
Troy Carter," 102,000.08 ",Fort Pierce,Police Sergeant
James Golden," 101,948.00 ",St. Lucie Public Schools,"Teacher – JROTC, Grades 9–12"
Kathleen Manchester," 101,931.00 ",St. Lucie Public Schools,Assistant High School Principal
Alisha Kennedy," 101,931.00 ",St. Lucie Public Schools,Assistant High School Principal
Philip Albright," 101,897.24 ",Martin County Sheriff's Office,Systems Administrator
Mark Cammarene," 101,865.09 ",St. Lucie County,Golf Course Manager
Jonas Gonzalez," 101,842.79 ",St. Lucie County Fire District,Lieutenant Medic Shift
Tanya Huff," 101,781.94 ",Indian River County,Librarian III
Joshua Perez," 101,781.94 ",Indian River County,Coordinator – Library Systems
Arthur Moody," 101,713.64 ",Martin County School District,Assistant Principal High School
Dan Brumley," 101,712.00 ",Vero Beach,Master Corporal
Oscar Dominguez Jr.," 101,712.00 ",Vero Beach,Master Corporal
Steve Abernathy," 101,687.04 ",Indian River County,Lieutenant
Keith Chisholm," 101,687.04 ",Indian River County,Lieutenant
Kevin DeLashmutt," 101,687.04 ",Indian River County,Lieutenant
Dustin Hawkins," 101,687.04 ",Indian River County,Lieutenant
Nathan Kovatch," 101,687.04 ",Indian River County,Lieutenant
Ritchie Revis," 101,635.46 ",Sebastian,Police Officer
Venetia Barnes," 101,626.20 ",Fort Pierce,Stormwater Engineer Manager
Ezequiel Cruz," 101,614.50 ",Stuart,GIS Coordinator
Bethany Grubbs," 101,613.72 ",Port St. Lucie,Senior Planner/Public Art Program
Juliette Carroll," 101,576.50 ",School District of Indian River County,Assistant Principal Elementary
Randall Young," 101,566.40 ",St. Lucie County,Airport Crew Leader
Shaun Wightman," 101,560.47 ",Indian River State College,Associate Professor
Taylor Kilman," 101,560.47 ",Indian River State College,Associate Professor
Devonica Vaught," 101,560.47 ",Indian River State College,Associate Professor
Cristobal Sartori De Smith," 101,560.47 ",Indian River State College,Associate Professor
Elizabeth Raulerson," 101,560.47 ",Indian River State College,Associate Professor
Robert Walsh," 101,560.47 ",Indian River State College,Associate Professor
Karen Nearing," 101,560.47 ",Indian River State College,Associate Professor
Sophia Wilberscheid," 101,560.47 ",Indian River State College,Associate Professor
Timothy Stroth," 101,560.47 ",Indian River State College,Associate Professor
Georgiana Carvalho," 101,560.47 ",Indian River State College,Associate Professor
Scott Fynboe," 101,560.47 ",Indian River State College,Associate Professor
Glen Gramling," 101,560.47 ",Indian River State College,Associate Professor
Teresa Hasenauer," 101,560.47 ",Indian River State College,Associate Professor
Douglas Wilberscheid," 101,560.47 ",Indian River State College,Associate Professor
Michael Schramm," 101,560.47 ",Indian River State College,Associate Professor
Robin Zide," 101,560.47 ",Indian River State College,Associate Professor
Ogugua Onyejekwe," 101,560.47 ",Indian River State College,Associate Professor
Jon Bell," 101,560.47 ",Indian River State College,Associate Professor
John Wharton," 101,560.47 ",Indian River State College,Associate Professor
Michelle Kinggard," 101,560.47 ",Indian River State College,Associate Professor
Roseann Maresca," 101,560.47 ",Indian River State College,Associate Professor
Brian Skirvin‑Leclair," 101,560.47 ",Indian River State College,Associate Professor
Kelly Caffery," 101,560.47 ",Indian River State College,Associate Professor
Racquida Williams," 101,560.47 ",Indian River State College,Associate Professor
Hannah Abell," 101,553.00 ",Martin County,Firefighter Paramedic
Alexandra Jimenez," 101,553.00 ",Martin County,Firefighter Paramedic
Joseph Rimi," 101,553.00 ",Martin County,Firefighter Paramedic
Dillon Roberts," 101,553.00 ",Martin County,Firefighter Paramedic
Derek Zayne," 101,553.00 ",Martin County,Firefighter Paramedic
Christine Baker," 101,481.25 ",Martin County Sheriff's Office,Dispatcher
Kirsten Burkey," 101,481.25 ",Martin County Sheriff's Office,CTO
Angela Chapman," 101,481.25 ",Martin County Sheriff's Office,CTO
Victoria Johnson‑Hoffner," 101,481.25 ",Martin County Sheriff's Office,Acting CTO
Kristen Leach," 101,481.25 ",Martin County Sheriff's Office,Dispatcher
Thea Mathers," 101,481.25 ",Martin County Sheriff's Office,Dispatch III
Natalie McFadden," 101,481.25 ",Martin County Sheriff's Office,Dispatcher
Luke Oliver," 101,437.44 ",Indian River County,Lieutenant Fire‑Medic
Marc Sinagra," 101,437.44 ",Indian River County,Lieutenant Fire‑Medic
Alexander Wilsnack," 101,437.44 ",Indian River County,Lieutenant Fire‑Medic
Heather Brown," 101,398.05 ",Martin County Sheriff's Office,Sergeant / Internal Affairs
Joshua Neal," 101,398.05 ",Martin County Sheriff's Office,Sergeant
Michael Grand," 101,390.94 ",Martin County Sheriff's Office,Sergeant
Bryan Martini," 101,390.94 ",Martin County Sheriff's Office,Sergeant
John Colando," 101,351.73 ",Martin County,Code Compliance Administrator
Jesse Thurman," 101,332.92 ",Fellsmere,Assistant Finance Director
Tasha Sapp," 101,203.94 ",Martin County,Procurement Supervisor
Michael Camide," 101,200.06 ",Port St. Lucie,Software Developer III
Alexandra Arnett," 101,192.52 ",Port St. Lucie,Special Events Administrator
Craig Haynes," 101,192.26 ",Port St. Lucie,"Manager, UIS"
Michael Vernon," 101,192.26 ",Indian River County,Plant Supervisor
Kevin Gibson," 101,192.00 ",Indian River County,Chief Operator
Jodie Certosimo," 101,175.00 ",St. Lucie Public Schools,Coordinator
Melissa Brubaker," 101,021.23 ",St. Lucie County,Permitting & Code Administration Manager
Colton Reisinger," 100,975.94 ",Port St. Lucie,Police Officer
Camille Marin," 100,975.94 ",Port St. Lucie,Police Officer
Fabio Improta," 100,975.94 ",Port St. Lucie,Police Officer
Joshua Kirkus," 100,975.94 ",Port St. Lucie,Police Officer
Laquesha Kleckley," 100,975.94 ",Port St. Lucie,Police Officer
Cory Collier," 100,975.94 ",Port St. Lucie,Police Officer
Mark Woodruff," 100,975.94 ",Port St. Lucie,Police Officer
Richard Mazzio," 100,975.94 ",Port St. Lucie,Police Officer
Carlos Valentin," 100,975.94 ",Port St. Lucie,Police Officer
Dennis Harrigan," 100,975.94 ",Port St. Lucie,Police Officer
Hiram Nieves," 100,975.94 ",Port St. Lucie,Police Officer
Larry Lankow," 100,962.68 ",Port St. Lucie,Recreation Manager
Meredith Martinez," 100,962.68 ",Port St. Lucie,"Manager, Admin Operations"
Kevin Skellenger," 100,953.86 ",Jupiter Island,Chief Water Operator
Lisa Patton," 100,950.98 ",Indian River County,Customer & Meter Services Manager
Logan Winn," 100,880.00 ",Fort Pierce,Building Inspector/Investigator
Melissa Eversdyke," 100,864.69 ",Martin County School District,Coordinator of Adult Education
Wendy Smith," 100,844.38 ",Indian River County,Right of Way Permit Administrator
Peter Miller," 100,821.55 ",Sebastian,Police Sergeant
Daniel Williams," 100,817.60 ",St. Lucie County,Plans Examiner
Kelly Bailer," 100,791.00 ",St. Lucie Public Schools,Assistant Middle/Junior School Principal
Lucius Chambers Jr.," 100,791.00 ",St. Lucie Public Schools,Assistant High School Principal
Clothilde Leedom," 100,785.50 ",St. Lucie County,Assistant County Attorney I
Peter Vazquez," 100,700.00 ",Martin County,Treatment Plant Operations Administrator
Thondra Lanese," 100,696.96 ",St. Lucie County,Business Navigator
Jeffrey Plasse," 100,656.61 ",Indian River County Sheriff's Office,Sergeant
Jeremy Shepherd," 100,656.61 ",Indian River County Sheriff's Office,Sergeant
Kenneth Stinson Jr.," 100,656.61 ",Indian River County Sheriff's Office,Sergeant
Pamela Tankersley," 100,656.61 ",Indian River County Sheriff's Office,Sergeant
Kevin Van Brimmer," 100,645.38 ",School District of Indian River County,Assistant Principal Senior High
Lori Rocky," 100,632.06 ",St. Lucie County,Government Relations Division Manager
Jacob Lark," 100,595.00 ",Martin County,Firefighter Paramedic Driver Engineer
Anthony Pellegrino Jr.," 100,595.00 ",Martin County,Firefighter Paramedic Driver Engineer
Cole Vicat," 100,595.00 ",Martin County,Firefighter Paramedic Driver Engineer
Bradford Blankman," 100,592.18 ",Stuart,Technology Services Specialist
Devan Wilson," 100,560.68 ",Jupiter Island,Operations Support Administrator
Chadwick Lane," 100,538.30 ",School District of Indian River County,Plant Supervisor Technical
Ronald Baechle," 100,534.72 ",Port St. Lucie,Cloud Services Administrator
Marc Holloway," 100,529.52 ",Port St. Lucie,Manager – Park Operations
Donald Burke," 100,503.00 ",Indian River County,Lieutenant Admin
Justin Baker," 100,465.00 ",St. Lucie County Fire District,Firefighter Engineer Shift
Bryce Doughty," 100,465.00 ",St. Lucie County Fire District,Firefighter Engineer Shift
Vicki Echazabal," 100,460.26 ",St. Lucie County Fire District,Executive Aide
Jose Vega," 100,427.86 ",Indian River County,Land Development Associate Engineer
Racheal Miller," 100,379.76 ",Indian River County,Information Security Manager
Dustin Lindholm," 100,379.62 ",Jupiter Island,Control Systems Specialist
Robert Smith," 100,347.00 ",Indian River County,Building Inspector/Plans Examiner II
Jennifer Stanford," 100,307.58 ",St. Lucie County,Facilities Administrative Manager
Noemi Rios," 100,270.30 ",Fort Pierce,Risk Manager
Brandi Baldasty," 100,262.25 ",Martin County,Senior Telecommunicator
Melissa Yunas," 100,228.70 ",Port St. Lucie,Engage & Market Team Manager
Nicole Pesula," 100,228.44 ",Port St. Lucie,"Manager, Budget & Util Billing"
Jeffrey Edwards," 100,228.44 ",Port St. Lucie,City Comptroller
Ciaran Reilly," 100,132.53 ",St. Lucie County Fire District,Firefighter Paramedic Shift
Zachary Krueger," 100,132.53 ",St. Lucie County Fire District,Firefighter Paramedic Shift
Kevin Key," 100,132.53 ",St. Lucie County Fire District,Firefighter Paramedic Shift
Edward Ponders," 100,132.53 ",St. Lucie County Fire District,Firefighter Paramedic Shift
Joseph Brandes," 100,132.53 ",St. Lucie County Fire District,Firefighter Paramedic Shift
Leonard Santos," 100,132.53 ",St. Lucie County Fire District,Firefighter Paramedic Shift
Cheyenne Guggeri," 100,132.53 ",St. Lucie County Fire District,Firefighter Paramedic Shift
Mistral Joseph," 100,132.53 ",St. Lucie County Fire District,Firefighter Paramedic Shift
Joshua Meek," 100,132.53 ",St. Lucie County Fire District,Firefighter Paramedic Shift
Austin Hodge," 100,132.53 ",St. Lucie County Fire District,Firefighter Paramedic Shift
Harold Davis," 100,132.53 ",St. Lucie County Fire District,Firefighter Paramedic Shift
Kevin Reilly," 100,132.28 ",St. Lucie County Fire District,Paramedic/Engineer Shift
Damian Bono," 100,071.03 ",Martin County,Traffic Operations Manager
Stephen Utter," 100,053.72 ",Vero Beach,"Supervisor, Wastewater Plant"
Leon Liberus," 100,047.74 ",Indian River County,Superintendent Water Production
Kim Reisinger," 100,040.20 ",Port St. Lucie,Public SVC Specialist Manager
Anna Gillard," 100,033.00 ",St. Lucie Public Schools,Coordinator of Mental Health/Psychological Services
Kandiss Moore," 100,033.00 ",St. Lucie Public Schools,Coordinator of Student Assignment
Jamar Belizaire," 100,000.00 ",Indian River State College,Senior Director of Development
Karen Douglas," 100,000.00 ",Indian River State College,Talent Manager – Enterprise Learning & OD Architect
Candace Carter," 100,000.00 ",Indian River County Sheriff's Office,Records Manager